Date,Banco Santander Chile,Cencosud,Banco de Chile,Petróleo WTI,USD/CLP,iShares MSCI Mexico,Falabella,Cobre (Futuros),SQM,S&P 500
2024-10-02,-0.011928016638316996,-0.0016546745754209002,-0.014714968833144937,0.0038664848344072134,0.007042497312653495,0.012279148967400566,0.011311890794636348,0.013339244691211283,-0.002673427080994384,0.00013839090212397487
2024-10-03,-0.006804115282869394,0.01099445571991886,0.011695904592657458,0.051497870027547465,0.008232550211012324,-0.008454356731922297,0.03343476320185368,-0.02045264045452666,-0.00552202879425856,-0.001681413492255035
2024-10-04,0.006850728428871022,0.0008743383227631796,0.0075589019356590015,0.009089651027908596,0.010118893193598932,0.02817428772220887,0.011764635503284326,0.004553572582307375,0.033720588264715134,0.008970249395274354
2024-10-07,-0.0048288047183504546,-0.0012558014777003246,-0.012886116215125365,0.03710677921682293,0.003759233458026534,-0.01622501480016514,-0.014854672716500983,-0.0007739048560948536,0.020078103243042822,-0.009586022165882668
2024-10-08,0.006616658980747481,-0.005029521991951169,0.013948542395730623,-0.04627948824307726,0.0021865233367233117,-0.0067803001425417175,0.011832879446032507,-0.023677776687422103,0.002454072516165251,0.009689347495581924
2024-10-09,0.007887855413838185,0.02032966209022291,-0.004409217582466374,-0.004485548897968816,0.007906085479411518,-0.003874410625600566,0.0035870033300156035,-0.01291934675905837,0.030166202640714346,0.007113411987488272
2024-10-10,0.00652172416183272,0.0247711408459812,0.0,0.035636273709432675,-0.00041793701970349595,0.009260981134739943,0.0077586908759710305,0.006888681900564464,0.00497534903784036,-0.002070122839989974
2024-10-11,0.0030236964766958696,-0.0042038921938649665,0.002125775859011192,-0.0038233476778023467,-0.0034412103125074367,0.010644044096460803,0.009227209222825161,0.015165269466808073,-0.03275859763090261,0.006051847587953629
2024-10-14,0.0,0.0,0.0,-0.02289565621276679,0.00018285793225558677,-0.014163806526672151,0.0,-0.019768577314569602,0.0,0.0077076668832223305
2024-10-15,0.0,0.0,0.0,-0.044020044960001226,-0.003710648092835167,-0.009209807155494909,0.0,-0.014437997128814217,0.0,-0.007609466332438197
2024-10-16,0.0,0.0,0.0,-0.002692015251870572,0.014228490149646111,-0.008365843717359156,0.0,0.0072084962060370295,0.0,0.004679145956573816
2024-10-17,0.042205138483408344,0.04015830739011128,0.02271514850449896,0.003977820453541003,-0.0025119856263436935,0.004499543916328674,0.011428503353338337,-0.010389028220965324,-0.08059587140781954,-0.00017116047891174713
2024-10-18,0.00785120372180903,-0.0005580039294402761,0.014605508014565283,-0.020517857447453047,0.00936899706120986,0.007838717568204201,0.011299512123651878,0.013880839322396143,0.030660549603080733,0.00397155273894878
2024-10-21,0.0024600362075080096,0.002538049489068328,0.0005963299677593792,0.01935851364142782,-0.01601738157617194,-0.009074259061482737,0.005586629869880788,-0.005292277794826883,0.0024992801237631035,-0.0018227694906369774
2024-10-22,-0.010633939306634477,0.0,-0.01753640472739504,0.02168365691943719,0.022552592518273462,-0.005232520006136165,-0.006111187423660458,0.00578304317190792,0.027797897557747753,-0.0004748538883844189
2024-10-23,0.012401789920623685,0.017721494339115296,0.01628966721777192,-0.018310441973630964,-0.0033622403015826086,0.001690708738501856,-0.016210105639329786,-0.010004587419066291,-0.023055737755692363,-0.009191323428069387
2024-10-24,0.004695809217467817,0.0099502880601543,-0.005200771192531373,-0.00819548154828098,-0.003921744505822389,-0.006188853721895704,-0.003125039048542444,0.0034846941867077152,0.017139161805238334,0.002145772011323821
2024-10-25,-0.004267423977231233,0.0,-0.003856638208354579,0.022652746581935723,0.0017251832110849463,-0.007737461188751404,0.006839529184887061,0.004630161145460221,0.018766437447652162,-0.00029944716993013376
2024-10-28,-0.003061260459493287,0.0,-0.017465467798593814,-0.06129843411404423,-0.011349084830584943,0.0,-0.008491388721335591,-0.0017283492907218534,0.02022423444065735,0.0026514435020339455
2024-10-29,-0.013920201037103341,-0.0029557132514477225,-0.0017513015514798447,-0.0025229767865074804,0.011457970298117903,-0.013122865019505547,0.007707749722185575,0.00011546680621021821,-0.02512633849156931,0.001614127248163344
2024-10-30,-0.008926636390734877,-0.014822070490475792,-0.01754381659099069,0.020830256583091344,0.009836859742379911,-0.006937717220406148,-0.022379628067111024,-0.0011540945096204513,-0.04154903916898278,-0.003300233889343751
2024-11-04,0.0020946746221663926,0.0020059263233627167,0.0042857160701004204,0.04168489411032095,-0.008720539640825309,0.005045502398392854,0.022602186575453986,0.018370930287011422,0.02964781513881709,-0.017369403806155925
2024-11-05,-0.01525918824582495,-0.024023983189961018,-0.017603117309703542,0.007275732953475611,0.006802339810595637,-0.001158452248908759,-0.01952400898363771,0.00987064804949589,-0.02330829526971412,0.012265644545291332
2024-11-06,0.01761823608230162,0.015384612448375856,0.020904936329974477,-0.00416718198729471,0.0023274188794732975,0.011598679087164943,0.0057802189759890155,-0.051230235579305394,-0.008357942018581643,0.025295927786425976
2024-11-07,-0.009178154041257769,-0.0065656386236563336,-0.007180188631864093,0.009345768532968313,0.007175116338529186,0.026180046026203607,0.004281410936914032,0.044404974961672394,-0.023117108544754905,0.007431229727488331
2024-11-08,-0.005473547572582449,-0.015454982577905008,0.008839279636220887,-0.02736323024091214,-0.005981691227928243,-0.028119255669848187,-0.012875533358575941,-0.028004506705995857,-0.026244280927640085,0.0037568333092317108
2024-11-11,0.00867907397702794,-0.009449621598754399,0.001504555336691027,-0.03324803110555652,-0.011916961630389467,-0.013029346477909765,-0.014202829556022922,-0.017613440300298988,0.048888794908122035,0.0009690634297987444
2024-11-12,-0.009234100293625813,-0.0006776750655735908,-0.0005302036022011292,0.0011758058491799783,0.02419888290509209,-0.018054621510739333,-0.0008821181420827218,-0.02172875948621167,-0.0085832032655071,-0.00289265965137242
2024-11-13,0.005083693081624263,0.031820556221818785,-0.001856774342776979,0.004550756695459901,0.017291929536042527,-0.0031633802242285736,-0.005591580993862144,-0.012987055078364729,0.03701369385949449,0.00023222772482434095
2024-11-14,-0.022128461652315523,-0.019716894906718685,-0.011161292751057594,0.003945588804067146,-0.006088836284915522,0.0005950057811714426,-0.020420212814384775,0.0017215862047936792,-0.025124771389627987,-0.006049734794859041
2024-11-15,0.02090509563867826,0.001031476409215859,0.007524822766695083,-0.02445415400005735,-0.004420984238893921,0.0005946519598176714,0.037764357530922776,-0.005401383799477855,0.002384800288458555,-0.013203489851361216
2024-11-18,-0.007810895259668382,0.0036063835532651467,-0.0032897514024803343,0.0319308732651864,-0.013421186700235177,0.009706931187532408,-0.010189168196697351,0.014070521282697701,0.01878989303699674,0.003917814394541086
2024-11-19,0.0017021957192617787,-0.010266917436641432,8.922885289841531e-05,0.0033255597941077575,0.010765864588056173,-0.0007849157644335136,-0.012647087854895211,0.005355480493552056,-0.0021760190079007646,0.003963584828470035
2024-11-20,0.011045022115429681,0.0012448722292792702,0.012398506361161132,-0.007493826886298849,-0.0016043580992056716,-0.0125662393739564,0.012809085484356775,0.0032687013103669393,-0.00797847473031077,2.195086225209586e-05
2024-11-21,0.0,0.015851535223252444,-0.004405333175565351,0.01785967298513147,0.0020189969169635003,-0.003778083703344315,-0.002058781301970569,-0.007360911366055989,0.020347843225594353,0.0053404615405816536
2024-11-22,-0.01050426617148259,0.004589570353358052,-0.008849497264679762,0.01626247381544932,0.00034955215159993003,0.0005988062086941248,-0.004420914788195618,-0.009482138372975513,-0.008801785647021498,0.003467959094991535
2024-11-25,-0.006369412473995362,0.01015226092891841,0.0,-0.03228516972672435,-0.008838866853242644,0.0031916943373029305,-0.0038484381318713012,0.004295514043697324,-0.0033134633224907173,0.003020480305938378
2024-11-26,-0.0034187596109187535,0.002512541512043276,-0.002589244506120747,-0.002465996407301163,0.01162377007538451,-0.02664540641446156,0.0,-0.012831424566665528,-0.009813856611576965,0.005722005647630368
2024-11-27,0.001072083974599236,0.020050142300760188,0.000805706726664912,-0.0007269946895994694,0.0013015870454087253,0.003881423412063434,-0.008320931521219377,0.0069323787303003925,-0.0021488211858660122,-0.003801238017440034
2024-11-29,-0.006211156528398654,0.0073710058731883965,-0.005814030330841047,-0.01047731676241892,0.00048111175611986745,0.022995529825169614,-0.011087782730688334,0.003319452646739496,0.0013189872440768635,0.005607785488815242
2024-12-02,0.008405143422065997,0.01463408287432566,0.003598794334280564,0.0014705657958984375,-0.016866094759727446,0.0015913616412603915,0.02575749801342697,-0.0012253680398633948,0.025618324557793448,0.0024484564662998753
2024-12-03,0.0004274588133144075,0.0,0.0031375454986815043,0.02701914843631581,0.018008765978901442,0.01052632878379689,0.0014771712189933783,0.01729846566193327,-0.004010103174714508,0.0004514491145146682
2024-12-04,-0.002563566803312045,0.0,0.004557710989865571,-0.020017178681853598,-0.006399126717982484,0.00923742652167392,0.005899669617301484,-0.0009647154296502647,-0.01873687056451878,0.006051417924264779
2024-12-05,0.011993938720219033,0.02307700336472407,0.009518667753646293,-0.003501573687828219,0.002808621881430051,0.014216308770860664,0.011730135311697643,-0.001689997379813346,-0.005631823248038126,-0.0018697756269248078
2024-12-06,-0.006560840545520863,0.0009398649653877822,-0.003965467677782497,-0.01610550592043225,-0.005180909476632856,-0.007296459793607268,0.0,0.0008464291529572954,-0.0019419192108087735,0.0024954538421815275
2024-12-09,0.011717193818630456,-0.007042310122803874,0.0007962201011346703,0.017410801361211092,-0.012213829251744635,0.015473771234818301,0.003768123204629159,0.020538735513414785,0.05453167981409468,-0.006144213927296471
2024-12-10,-0.005264298031939729,-0.0070921386781988005,0.004420131889760537,0.003217691713777171,0.01184284167027072,-0.010285780043266302,0.004937979929448888,0.0,-0.0018962343486590427,-0.002963883313944371
2024-12-11,-0.0008467738114458223,0.0038095859219708927,0.00026402850553641777,0.02478502213736955,0.0054581997846847585,0.0015396824093019124,0.010603147528154278,-0.0022492128263161826,-0.001540389310606849,0.008165786048233592
2024-12-12,0.020762735142639377,0.010436366752211157,0.006775148020039534,-0.003841289926648672,0.0002360683354256654,-0.010952944468252235,0.007961312057191305,-0.004508792688889596,-0.010028329072872988,-0.005414022527810203
2024-12-13,0.00456621684980818,0.03234731051593953,0.006030426464918914,0.01813773683730524,0.001733869313881975,0.018651516836053705,-0.0014105005587997654,-0.010965435502349297,-0.025454611867698373,-2.6466639124200775e-05
2024-12-16,0.0,-0.0008639753857847543,0.010164204611529115,-0.008135808999945704,-0.011396200353887553,-0.019263771369789295,0.012683635924878756,-0.0013256968901805832,-0.0018656320160319595,0.0037993543260221863
2024-12-17,-0.0161157343165923,-0.019116950864519255,-0.012727840779425015,-0.00890959215917042,0.018965951468324027,-0.00441411553175397,-0.015314166907561377,-0.012549788257135042,-0.007877232910974419,-0.003863994965801476
2024-12-18,0.0014699405798137555,0.020881607757956777,-0.006968745142240551,0.0071347030099311315,-0.0014844108317497717,-0.02357925307408104,-0.014164365322823058,0.002077502037469481,0.014345385844765968,-0.02949284635160343
2024-12-19,-0.008597267877973658,-0.009090832196622212,-0.011491172639558234,-0.009492747967746795,0.012025127261450441,-0.010113489834160827,0.002586206203753383,-0.0193901764332417,-0.006315018094808167,-0.0008651123249070469
2024-12-20,0.0025381726300384155,-0.013761464235364285,0.0010648298584374771,-0.006436912517008175,-0.0027869029134351964,0.018974065742504376,-0.008025203789021274,0.005098795009250923,0.0038184520931703325,0.010869123768910471
2024-12-23,-0.016877687129717822,0.009302246142547599,-0.002747910273684262,-0.0031673081428574834,-0.01681279428378668,-0.012482076620960902,0.006356624157434432,-0.004454374258297533,-0.01713081634951863,0.007287273468533639
2024-12-24,0.008583671539622362,-0.002304127970114922,0.004444335981976355,0.01242057534495622,0.015899620060880748,0.003108218052631617,0.0008612774644878307,0.006587180369147516,-0.00021652211771316932,0.01104275925539211
2024-12-26,0.0059574154551715885,0.011547360784974314,0.0017699768289722861,-0.006847300113940302,-0.0012020469755790186,0.00020658352661473423,-0.004589745753422192,0.005556250947168495,-0.0008121337863516986,-0.00040565878647391695
2024-12-27,0.00042302877167310626,0.004566171246602968,-0.001766849546215088,0.014076352899701217,-0.00015166353041462521,-0.008880593337970644,0.0014409135330253342,-0.0023330124362923588,0.0010024457899286965,-0.011055736101235558
2024-12-30,0.0,0.0,0.00044251355125202174,0.005524070794298952,-0.00969682572001096,-0.027089053638130633,0.011510795472503776,-0.00418466421274033,-0.0094187555942562,-0.010701995701766776
2025-01-02,-0.010570800929126878,-0.00404546994994337,0.000884635639246012,0.03014508316728115,0.014602504486992851,0.02206041366415401,-0.008534871732444382,-0.014089651755038957,-0.008469918059837322,-0.006499158125791049
2025-01-03,-0.0010683285391349662,-0.0005019768807543734,-0.004860886535139497,0.011349676770511463,0.01085219666967463,-0.018440865491197278,-0.006641651256368508,0.012786791210606774,0.021383394193210892,0.01259602672149196
2025-01-06,0.0038502404435500903,0.014611883941032744,0.00888101163598809,-0.005408349524478107,0.006224293636887701,0.024978533456510466,0.010494229503067887,0.021661000967249322,0.04413742472653137,0.005538045085450305
2025-01-07,0.006818668572014852,0.0004499965105728698,0.007834507252287626,0.009380131379920664,0.00019795740816785923,0.011456090118810547,-0.0043440224485009615,0.008117323897803619,0.014211238704116225,-0.01110391288210788
2025-01-08,-0.013333329758186907,0.005398087314745892,-0.008647037633366161,-0.01252525663536408,-0.006174662202745984,-0.012973732286215456,0.003496146938759992,0.01610381239354819,-0.0008407504414238431,0.001560360190925314
2025-01-10,0.004933430260866345,-0.0067113527723073885,0.01013212764049598,0.04432624131924845,0.0017225047518683034,-0.016482365437645474,0.016383044129078206,0.011117665703028967,-0.005584120988258778,-0.01541164380306681
2025-01-13,-0.018142924465882948,-0.0067566993653244145,-0.006541565714224706,0.029384876700634166,0.0028526793327441347,0.006788345397148232,-0.01982997439825307,0.0049128340091268985,-0.007564063461728221,0.0015754440882007614
2025-01-14,0.016304356308294743,-0.00226766682704882,0.013169432662566649,-0.016747014716252284,-0.0009217522087843211,0.010113819396154744,0.0002889289185208366,0.0034921066268100986,0.025655577263861362,0.0011462798112440442
2025-01-15,0.012834195034886253,0.017727280673015766,0.006499126522183873,0.032774205361643105,-0.0018948563617255942,0.012515609010058881,0.00783021580486154,0.011367540825688804,0.012620325423177814,0.018312792279639112
2025-01-16,0.01583950170673787,-0.001786541036255862,0.01394743080239813,-0.01699151167910251,-0.0006062870155694178,-0.023485793511023534,-2.8754288879606626e-05,0.011698616597980438,0.0037562475772767723,-0.0021126894641922966
2025-01-17,-0.0020789095338960006,0.011185698966032387,0.008661008874380594,-0.010167806922405265,0.007528674972143934,0.0014768131272580032,0.007712165492716805,-0.01655140083954909,-0.008674110968248105,0.009991058969353706
2025-01-21,0.026041560813190534,0.054469088673885224,0.014310870237579376,-0.025552104955707255,-0.005685753834428597,0.018959247048423666,0.021366138816183655,-0.006109561840803579,0.005375088162227426,0.008768227105582893
2025-01-22,-0.0008121294461107542,0.0028953887004670165,-0.0009128818293339114,-0.0059295948328017545,-0.003841948936847306,0.018193139474674602,-0.004178191433961587,-0.009162551812213482,-0.025239334666383728,0.006137941522227575
2025-01-23,0.005080213513658061,0.0037655960330282845,0.0018275771528886153,-0.010869560820350066,-0.01257685659119534,0.007106531757576251,0.012615362566855914,0.0065550455822376286,-0.008928580326131308,0.00531348622041139
2025-01-24,0.0048524291176486045,-0.014172493960344035,0.003482534078410371,0.0005360615660010559,-0.0037948847658884066,0.009274284579713354,0.008259474989355642,-0.0022095654676513865,0.0007722274044803523,-0.002855132319398823
2025-01-27,-0.01106633051478989,-0.00422839878862491,-0.006032012364288741,-0.01995721162709041,-0.020700567721878338,-0.015381588835801985,0.00931498732996161,-0.020163209467563004,-0.01491770720542085,-0.014580715690809543
2025-01-28,-0.0010174204794944908,-0.0016985416268071596,0.0017457908182363369,0.008200061352136911,0.020931219498365294,0.007303823068787185,0.009744858884019658,0.0040442962287039474,0.0005744323349918812,0.009217869449967608
2025-01-29,0.006110051980769748,0.012335220646822576,0.0,-0.015588910787790566,0.007275729734577352,0.002215422697424918,0.007016365225342769,0.008766776296092127,0.028103910115438335,-0.004678895760321544
2025-01-30,0.012145720953099737,0.03571429688380423,0.011203278555299567,0.0015147425804351577,-0.002746437656252043,0.005225047100891889,0.011211901595000295,0.007163813017121878,0.02538133827017708,0.005275414405311762
2025-01-31,0.014000052535882546,0.01419876356564953,-0.002544043949231023,-0.0027499596920842473,-0.007596054024456844,-0.020791631862189575,-0.0179514038627685,-0.006063438022513634,-0.040817897332443565,-0.005046825754019935
2025-02-03,0.006706048779699492,0.011199984914775918,-0.003537970160480519,0.00868612840777172,0.004198264707327537,0.024908168456393653,-0.01720433583545944,0.007508227174973792,-0.006451533556049327,-0.007608597684666707
2025-02-04,0.001175595569308685,-0.0007911522075364497,0.008587262297380382,-0.006287680301271359,-0.0027838057116392756,-0.0011953037523656507,0.027078854039791267,0.011294843818068445,0.01259732985918749,0.007224881828679752
2025-02-05,0.01350297855445759,-0.0019793974506712164,0.007204164349862152,-0.022971089945632905,-0.013652755289765062,-0.011368093896375164,0.0013314869688534348,0.021185953525481693,-0.030344951284167143,0.003908672930614365
2025-02-06,0.01004054101547669,0.017453480677164235,0.0030074542480416078,-0.005912968832370691,-0.0015231465321736692,0.02299770799938039,0.023670229778230967,0.00428449106708606,-0.013941025803716811,0.003644298722618622
2025-02-07,0.0032497440361347607,0.00966854142129514,0.004700158112652897,0.0055232882917048975,-0.008400119174005405,-0.000591562023919856,-0.028318980452641362,0.02874149889300104,0.0005365711489675462,-0.009464770111542897
2025-02-10,0.009908610984659116,-0.005714686447177986,0.0025810860463097995,0.018591544997524245,-0.01482126469979006,0.001578485303951549,-0.013369082032077206,0.025974016512314346,-0.005630766159386513,0.006712541085862833
2025-02-11,0.0,0.0019417311083977928,0.0016089993668531033,0.0138274336866675,0.014326804402671867,0.01024438011815465,-0.021653046389731423,-0.022550781052263602,-0.016988059008790635,0.00033958278885926063
2025-02-12,0.0056603642786288155,-0.01158914922508203,0.009638558109068551,-0.02659570316910187,-0.0003744425738539947,0.012285499728379445,-0.00806072303112415,0.02252690998213347,-0.01495002549249591,-0.0027238667143857365
2025-02-13,-0.007504593954045902,0.017215005628521407,-0.011137622137602055,-0.0011209447663713679,-0.005233998047444066,0.009054076794967836,0.02708737393516314,0.015112835222209409,0.030075249313527008,0.010426292122230674
2025-02-14,0.020604857602304794,-0.015034702235669162,0.02566365948244309,-0.007715009744627688,-0.0037238468186127083,0.005536396493216911,0.01112018649981028,-0.02358989085238561,-0.010543437384261889,-7.194380749464546e-05
2025-02-18,-0.022041137574601133,-0.01448130607834186,-0.012628444254427218,0.015691272884813978,-0.005543687038911171,0.010442431313339329,-0.02040924743498551,-0.015354843043614896,0.008169467950351672,0.0024449877750611915
2025-02-19,-0.009469754988206014,-0.0011914904015654093,0.00047669673266526047,0.005567175147860093,0.00191097344684521,-0.018226239376051723,-0.011528969756921081,-0.006106843554357644,-0.005393074480156246,0.0023769693899173827
2025-02-20,-0.0001911314830373989,0.0019879560504953986,0.0030172473942222666,0.004429061520058397,0.001886296845803992,0.011674699876888406,0.01913352332620777,0.011191494322007056,0.017711143819247877,-0.0043341850761716705
2025-02-21,-0.008223374704343756,-0.012301444968357278,-0.0025332039159935427,-0.02990213832259503,-0.0089086958341561,-0.01645859559396068,0.020463868240618632,-0.01041663648491531,-0.0013386297008660675,-0.01706412670256352
2025-02-24,-0.0019283453575329457,0.0004017244845890833,0.0016666760346932818,0.004261298520753742,-0.012293827649731526,-0.006155079576468769,-0.01441926670489424,-0.00942976863045153,0.005361800857959453,-0.00496910650440241
2025-02-25,0.0007728284231149907,0.004016030242190327,-0.0007923247926165944,-0.02503531427819128,0.013564320743544966,-0.011999143717822403,0.015957692927931255,-0.006862992244350052,-0.0013599428646907663,-0.004679730915472358
2025-02-26,0.011583066669384356,0.013200067288039019,-0.008008916128763865,-0.004497280679258475,-0.00160072269329814,0.008618981869392028,-0.0015465986619590533,0.012483226727030505,-0.001308387018439161,0.00013602428004699796
2025-02-27,0.00496178822638127,-0.0012239092808468133,0.0015987799648933265,0.025211245384644476,0.0001274076960080528,-0.017479190103167674,0.001575782570750306,0.008366382286097318,0.02272722050287923,-0.015864553655509872
2025-02-28,-0.01272307626916791,3.9522997628216316e-05,-0.007980860616328855,-0.008386586363717696,0.01093486609154759,-0.001383532588118963,0.0026665919303205943,-0.014301262806409532,-0.03945091241915821,0.01585414463498891
2025-03-03,0.00538562219772154,0.01581024140634324,0.013515693160149,-0.01992544935612217,-0.012209402942024772,-0.01326221778434622,0.007978769151545384,0.01373348009362041,-0.0038378067342791367,-0.0175967394669998
2025-03-04,-0.00899180918995024,-0.015953231324122963,-0.0030163587543737824,-0.0016089016517856214,0.010085189067689626,0.0034102307728873793,-2.63971508674965e-05,-0.01070682552833957,-0.0003004501094855394,-0.012234826602200433
2025-03-05,0.012548274667264492,-0.0055357772142520245,-0.0007962424706600135,-0.02856730906256022,-0.003231182368117924,0.020191909537881303,0.005356296616615852,0.052788478308675835,0.006832569953582279,0.011159277893187936
2025-03-06,-0.005529054570236336,0.0019879560504953986,-0.002310720294439017,0.0007540801326924029,-0.008405247696914309,0.00823048538794291,0.009133463125267971,0.002622429303501539,0.02337203558936385,-0.017819007085749905
2025-03-07,-0.0030675261385824104,-0.00793644151693862,0.0023160720892190234,0.010247141333957543,-0.011245165404316748,0.001554939828145585,0.0013003208224597884,-0.02008782624408456,0.022599523959867973,0.00552061780274804
2025-03-10,-0.0009614956678687392,0.0,-0.0005577024137541908,-0.015065664117503652,-0.014798417218025883,-0.02658646751562599,-0.012986978046160336,-0.009288905782457335,0.010323668969777211,-0.0269730913054258
2025-03-11,-0.007892275179089192,-0.000400056172610741,0.0013553352654569473,0.0033318374189050814,0.0298987481905022,0.0017942253775435901,-0.005263210032230847,0.02166173659164672,0.02156615239453874,-0.007567865323653167
2025-03-12,0.028327580115147466,-0.004401684105347359,0.0007961728568752768,0.021584910266804203,-0.0051798124528771305,0.014527354054070685,0.01587310710921952,0.01708867763190991,-0.019854329847890595,0.004886869929446425
2025-03-13,0.006037737833587409,0.004823130282855859,0.01042165748217494,-0.016696176836919374,0.0014404385591315627,0.00411931818181821,-0.007812544203669503,0.016075474982616855,-0.0025639908430329372,-0.013890984206835322
2025-03-14,0.003375820312772282,0.0,0.016455400622074512,0.009466524786302388,-0.0009482464366463716,0.022856076702768346,0.009186393040732765,-0.005920139972173333,0.02699221344083491,0.021265869083087807
2025-03-17,0.009158928581859627,-0.000400056172610741,0.013090584397751126,0.005954175707976184,-0.022293290682710465,0.017570604623848185,0.009102705698894153,0.013142961445080426,0.0440551227567989,0.006416130719105961
2025-03-18,-0.02222636444858006,0.030412267448129304,0.0016820474972347732,-0.010062152807804536,0.003495224848191869,-0.016328779762667556,-0.0013144411154212277,0.012060447895426263,-0.008678992023520404,-0.010653512117636543
2025-03-19,0.0,-0.0038834622167955857,0.0006870792265416537,0.003886429451423812,-0.0035978234332540993,0.00019074015917941445,0.014219759962252443,0.016623309152446586,0.003845353345571789,0.010798495567894584
2025-03-20,0.008713799401016242,0.017543807041627835,0.007627778851169387,0.01637877328975934,-0.00043637916089089845,-0.0030522565912138866,0.005114436965475644,0.00177301500101823,-0.015708171673133098,-0.0021848931523151816
2025-03-21,0.010140773760404898,0.02107271370995001,0.09328331782979804,0.000292948175221186,0.011197339283043783,-0.010715566418159295,-0.027619567686715585,0.000491653333668518,-0.01480850204507922,0.0008246534476661349
2025-03-24,-0.0016730832930895723,0.007504813750092376,-0.0602319009462674,0.012155855973833951,-0.011683007154857927,0.00657624625856168,0.014839950861272877,-0.00461915778421762,-0.004596237991141727,0.017646000146633645
2025-03-25,0.01117307935345524,0.0,-0.004856712173997413,-0.0015916742783979032,0.013382709334783582,0.010568848242434425,-0.004874294077699681,0.02349920122245064,-0.030400575802975838,0.0015743334544251475
2025-03-26,0.006445696540741341,0.011173089369560296,0.0008800801322832452,0.00942031196925952,-0.009375149631439705,-0.011028730603112158,-0.0036091807293261446,0.006366967357125164,-0.014055121384316527,-0.011156934922627149
2025-03-27,0.006404415621126702,0.03130765296965232,0.01119108842011518,0.0038764772024604266,0.004177144828491075,0.002691903639749693,0.03234143773059883,-0.02271860254535596,-0.008172086132410938,-0.003306980860763864
2025-03-28,-0.0030908789355840183,0.0160713804680388,-0.003873525512665399,-0.008009118610681987,0.010410331703780917,-0.010163094555317831,0.005513871107041934,0.0029426863701367267,0.0055543712729160255,-0.01973722070834405
2025-03-31,-0.014955373957135198,0.01933217256925235,-0.004047319042022601,0.030565206573334835,-0.01757712810649603,-0.012785792364097492,-0.012961118847440445,-0.01809294989875665,-0.01044535279922798,0.005538521570653376
2025-04-01,0.02666177811233461,-0.020689651042126944,0.00709165308016102,-0.003917269103824728,0.026567488410394136,0.021389423508883176,0.005050491195421447,-0.00019918874991053936,-0.0013227969798064176,0.0037812354559083605
2025-04-02,-0.008115438525834962,0.0035210969216348253,0.007199969424761088,0.007162951658568284,0.005687414065090879,0.002113347920279729,0.02361810215886706,0.0008965754560830153,0.003920561824053204,0.006728194715792668
2025-04-03,0.0,0.014035056256620049,0.011154742117657435,-0.06637849947011298,0.009841122660253498,0.04026066226634173,0.0,-0.042301203706525015,-0.013457123823371386,-0.04839563335990149
2025-04-04,-0.02909084207907564,-0.03114177820413777,-0.013362397976370621,-0.0740850708867078,-0.006573606381327868,-0.07998522848111089,-0.04270994882656942,-0.08865097798699184,-0.03979898439013363,-0.05974960534553109
2025-04-07,-0.02808997916583622,-0.03421432075380748,-0.024409411595609387,-0.02080982223905059,0.006300950924212678,-0.028044848264155986,-0.03461529267855501,-0.04915038809835337,-0.04178265221137312,-0.0023314724921273955
2025-04-08,0.007707111534636768,0.000295804240717068,-0.01614204376811601,-0.01845138250094691,0.037139839749478654,-0.009480636099592155,0.00985394289235808,-0.009954447126836019,-0.08139531978756531,-0.015700524562941354
2025-04-09,0.04206507594993436,0.04584105187114229,0.048400305703748536,0.04649205367467135,0.01041888241660538,0.07906791958477344,0.046526884522649636,0.011629281209150522,0.10189866368265021,0.09515387644904849
2025-04-10,-0.015963242396311195,-0.0032166887181639403,-0.00625980389425751,-0.03656774394698992,-0.019783567094182497,-0.03008110297945532,-0.007288256090377754,0.03484617076514818,-0.055169441972569566,-0.03460757958472693
2025-04-11,0.0031697576784708303,0.017731151358141517,0.011811067266603636,0.023805565381066485,0.008011972230040687,0.0075547285443122725,-0.005063277213915751,0.043161321036430556,0.028906702598584966,0.018092095201708958
2025-04-14,0.02230486043576385,0.018153975514533016,0.0194552610035843,0.00048778502921753564,-0.017828074529683824,0.02426998422782689,0.020356177827017152,0.02285073394836079,0.022038472754726035,0.007944712390868913
2025-04-15,0.018727252623722768,0.009582464155128978,0.022137361721398463,-0.003250397403054772,-0.005487734526545496,0.005393868704628879,0.014962615983380001,0.00010849196275208861,-0.01751651456916803,-0.0017277808903947145
2025-04-16,0.015348930391198667,-0.005084786675212949,0.00821511616664572,0.01858795623043985,0.003126540799177402,0.01590355652735953,-0.000737123553329111,0.013662920084120289,-0.013386291911174908,-0.0224083715440897
2025-04-17,0.016874602015854112,0.025553700279069114,0.00962966483621508,0.03537696560409609,-5.158965100260371e-05,0.03602396355561521,0.008114091880609298,0.012302174801940069,0.013866122191852792,0.0013268380955802073
2025-04-22,0.003975885531172674,0.00996677521782563,0.012472472962120618,-0.0057205124433560295,-0.007998761280542666,0.010558910840413605,0.021951221616271166,0.02937756199815067,-0.017647207509450036,0.000957762152959063
2025-04-23,0.018767166964969606,0.029605256714537065,0.024637653457640685,-0.03172130583540156,-0.009499042450088258,0.018014747113271667,0.011933202141730881,-0.007186186966177122,-0.008981996008469606,0.01666113847096007
2025-04-24,0.00921183056386976,0.0127795235912318,0.017963256346205103,0.008350737978818135,-0.010913651430936588,0.014687712686688004,-0.004716968203306027,0.0029986851107479673,0.014078682620610738,0.020259113708281262
2025-04-25,0.01946900564513543,-0.0243217300294698,-0.003056862820048689,0.0036629963192029713,-0.0051931380936039995,0.01046394083541169,0.0021325877876992028,-0.002989719882251718,-0.0019663431324628,0.007373133469998461
2025-04-28,-0.0024305504731689798,0.011348553193435196,0.0,-0.015391958325249866,-0.0015906123896793911,0.0031066048765433507,-0.005675037719681031,0.0005170214750780389,-0.019402955139309896,0.0006407067039131409
2025-04-29,-0.0010441428696202903,0.05147059640056417,-0.010452943597724307,-0.02626915532888008,0.008810468039962549,-0.029249828655585897,0.007372204113894831,-0.0031004272512347164,0.011263230871498386,0.005802410694099036
2025-04-30,-0.0026132596404324637,-0.014898124621589237,-0.021126723646126222,-0.03657727824309254,0.0018018338558196678,0.009748437880848337,0.026402427485305857,-0.05453037817547057,-0.018663395431763763,0.00147999135976562
2025-05-02,-0.011528399506381404,-0.015432120746110223,0.006474668879607792,0.0013743657844520474,0.0021900436090860342,-0.0005266302166176962,0.005907608919868856,0.014802656861388819,-0.000613518104535804,0.021118440462814414
2025-05-05,-0.00035346901666843955,-0.006551173924727149,-0.0010720538645760946,-0.019900494582135275,0.0007072851205045527,-0.004566251272478561,0.0,0.005942766558150847,-0.020840947066926074,-0.006381597588933863
2025-05-06,0.010252813353788914,0.0081795332226402,-0.0032200763795446896,0.03430770257006954,-0.009104052988609501,0.03016938391419699,0.01734100506847014,0.01718580453283125,-0.0015987510736863442,-0.007693239651855532
2025-05-07,0.002624691368037446,0.05283019805655398,0.043790366463243746,-0.017261811730068133,-0.000809123576601678,0.011988309322826574,0.026818220377623048,-0.025026447593482937,-0.010832031153940602,0.00434635623313584
2025-05-08,0.006980807903725683,-0.012843455691859185,-0.016506139148087517,0.03168589912618658,0.0079805351342348,-0.01658482282286733,0.013722856711216869,-0.01202210152928751,0.018885923331818377,0.005799775094835535
2025-05-09,-0.00762568315849832,0.010589966747903468,-0.0038462526479199344,0.018527801922528564,-0.005306406113747886,0.00017203049549818772,0.044759858795595076,0.010962550352269895,0.02158873885410162,-0.0007114809122162891
2025-05-12,0.00977993062605087,-0.008951998514186155,0.000702060114749381,0.015240909508342337,-0.007098747735366784,-0.004817545668002743,0.009404285926715605,-0.007048420429105917,0.04135028716866973,0.032558782749008364
2025-05-13,0.0031131328138005454,0.00299078570325495,0.010101778382977544,0.027764283855099103,0.012372499381535063,0.021438441678922615,-0.012629405368945634,0.02249648764139267,-0.010219928477316342,0.0072482009835321826
2025-05-14,0.010344835425703192,-0.01475901349416131,0.031390912166224805,-0.008167059180473335,-0.006226955097550779,0.004739264322926484,0.0010483799146083772,-0.015059254007280809,-0.0017750936983422783,0.001024415597859818
2025-05-15,0.006825943686407765,-0.023540229815636415,-0.0034340760374064194,-0.02422806899485419,0.0007765749667554278,-0.0016846202520339748,-0.00502718369698274,0.007265173990234519,-0.025518742195045574,0.004132332074135769
2025-05-16,0.006779666067617596,-0.020037536652356858,-0.00844589533838358,0.014118837417438801,-0.001924035160112414,0.0042186574658884535,-0.0050525839647178605,-0.019162396914567226,-0.0024027137370283835,0.007005272294898557
2025-05-19,-0.0030302581844282583,0.022364193558287226,-0.00511072370895671,0.003200463160030642,0.003131259846333112,0.017812181044951414,0.032585713509365455,0.017122174984529392,-0.01250001488713759,0.0008761131291423752
2025-05-20,0.009793948092675642,-0.0006250037620612048,0.0001369978863974275,-0.002073652197570497,-0.0013589793404812367,-0.0006603734362381486,-0.02663940720814517,-0.0030214608104389695,0.0004013723121969459,-0.0038802294486252054
2025-05-22,-0.013712364614980377,0.005003157088491861,-0.0011642117001225971,-0.021739139713833122,0.0027855100784448528,-0.011564470394671789,0.007368540088205311,0.006277693353099689,-0.027898650511161582,-0.016572823646632706
2025-05-23,-0.005595090558194071,0.00964524435815095,0.0010284298896854338,0.005392124383064578,-0.0007951653841108408,0.014039699623035196,0.015464995146336591,0.03398945757503302,-0.015524280472211327,-0.006708297825321674
2025-05-27,-0.008184203440897209,0.025885982837245525,-0.008767088851442284,-0.010401420483430623,-0.0019311446767947826,0.0075820751542508,-0.02243271517154477,-0.020076962599359316,-0.013028064244598903,0.0204590558452733
2025-05-28,-0.014096603467092517,-0.012315974002544694,-0.0015892983739128619,0.015601917760914796,-0.002306946300768442,-0.0037624113913189428,-0.015094740551585883,-0.014012735500353979,-0.036724816782113257,-0.005571225417268844
2025-05-29,0.0034873609380599024,-0.003953757492859755,-0.014464771965813306,-0.014553711572739103,0.0004901231024558861,0.005418575064200626,-0.014043445229815932,0.0020456560279136227,0.002306505458398389,0.004011194261904327
2025-05-30,-0.02050394577698411,-0.00570990888048617,-0.022471880744240447,-0.0024613999764007133,-0.0005218658067711601,-0.017311756515448917,-0.021289650389557324,-0.00021487643785078614,-0.04345175561921222,-8.118516130162234e-05
2025-06-02,0.020046178512920898,-0.00623411799572704,0.01616388229856147,0.028458620104979238,-0.017764018857075126,0.007811221319850903,0.007885914731575294,0.03911868402172791,-0.006226569344720101,0.0041020419271569075
2025-06-03,0.007478269800747395,-0.0052533927732405505,0.005372919929833131,0.014235434790978552,0.01833478776576336,-0.004122652300359797,-0.00835167021873473,-0.0051710868504493135,0.034104657734502775,0.005800290454605506
2025-06-04,0.0012083178453949905,-0.005902451366148198,0.0012657269964673201,-0.008831436281952154,0.0010120940854105864,-0.0023182958018548305,0.02947702818399245,0.011435663967580334,0.034942092431964555,7.36874595066439e-05
2025-06-05,-0.006034435662252702,0.002812478344032421,-0.012290205272033394,0.00827367494651221,-0.0020859302988001094,0.007800849359454132,0.011840679649331998,0.010072933686062546,0.00459045393485491,-0.005277383403094138
2025-06-06,0.009540284369715657,-0.007759354207736102,0.016567142076515884,0.019094254687782586,-0.007881421059051874,0.008563911241073585,-0.011063919814249368,-0.016993978080726224,0.0198006399920736,0.010280683010067904
2025-06-09,-0.011855689355028232,-0.007568906810146991,-0.00881299053889062,0.010994101336975204,0.0008922420410750753,-0.0024494218136792423,0.021729845472378218,0.016459668658391546,0.026007347285836868,0.0009199480792858594
2025-06-10,0.008172529337556522,-0.006329152008507477,-0.0032461118258459987,-0.004748009714302559,0.004972605993099011,0.004419693140162995,0.03179617820455416,-0.005194072087248092,0.01028473217962289,0.00548298940767844
2025-06-11,0.020179383631853565,0.018471370790885677,0.02484948179025248,0.048784210606031886,0.0021053646389537217,0.0032594871025517502,0.01142853122168308,-0.01699420746322422,-0.008112738822523169,-0.002743888954607865
2025-06-12,0.0025358767895835577,0.0006253946360614826,-0.0024868616992556047,-0.0016140954935971452,-0.00435113638752771,0.0001624546545999639,-0.01331714136066009,0.0042698824751870035,-0.017873999409835584,0.0038224199557175265
2025-06-13,-0.020573284163155847,-0.003125018810305802,-0.014542934037418354,0.07260438528710988,-0.004284444321248082,-0.00828325454583878,-0.0016563787595633706,-0.003836949476324736,-0.012861802974894032,-0.011296379879250695
2025-06-16,-0.004820995060260236,-0.010658294154272219,-0.012579099133031235,-0.016579976133314744,-0.016887568750808435,-0.002617664843786338,-0.0024376166749520145,0.004892768227852562,0.006514692174639292,0.009392659896159117
2025-06-17,-0.0038062105288335646,-0.005069739036607124,-0.008255532817070255,0.042775530701112396,0.023950747719974963,-0.015212357763769058,0.011704239408609318,-0.005386931154454766,-0.015792919633275115,-0.008352184790166306
2025-06-18,-0.005383807412613573,-0.004140113137244383,-0.00107651726805702,0.00400859254994268,0.009852566636622928,0.001018590379403772,-0.0016439400323939868,0.009269841660857425,0.025943767940283635,-0.0003092402101070313
2025-06-23,-0.016238849073856865,0.010553270192557473,-0.0030171479749895314,-0.0882352582815078,-0.005841166765957029,-0.017466536960320966,-0.007908273735919069,-0.0004127667963066406,0.0034934104719430703,0.007406916354895099
2025-06-24,0.01881436206730247,0.004746824932717164,-0.005620415120129341,-0.060429123639729965,0.008930297656665864,0.02191920377641332,0.018831921212287606,0.004955640753262935,0.02044077397576549,0.01112172017970181
2025-06-25,0.0,0.00944879807514698,-0.0007246989479786636,0.008544281480436622,-0.013134448105404761,0.00793786431572352,-0.004404684233143996,0.009451408021621477,0.004319275747676876,-3.2861029504172024e-06
2025-06-26,-0.0013937848833441846,-0.0018720862061141208,0.0036257705363809123,0.004929138999533844,0.0015928228753168128,0.010556348074179711,-0.006969775767153852,0.03104003102692854,0.02468206297000286,0.008020121275230219
2025-06-27,0.014480126040950836,-0.004345053122244202,0.007225460560993602,0.004291826923133124,-0.006596002608617257,0.000165758809027583,-0.0033566652794496665,0.0005922928690555995,0.006690991279660663,0.005218970885222163
2025-06-30,0.009630246179816115,-0.004740818042508144,0.010760383650652683,-0.00625757102748925,-0.01251215784901294,0.003978860163431852,0.010410303678310084,-0.007595902502630647,0.003021252505072791,0.005164427424532603
2025-07-01,-0.012093339114752744,0.01735014495002596,0.0007097832829499051,0.005221875820971444,0.013095037687753885,0.009246974817079368,-0.010303045842280367,0.0035784589059764116,-0.019578399904834787,-0.001118531087121899
2025-07-02,0.001896542827497516,-0.007751946294664358,-0.003971622838030653,0.030557679041323782,-0.0032326070389762096,0.007689805751640355,0.005307197640737726,0.020007985700174702,0.05683568172479081,0.004745096791088033
2025-07-03,0.01015321028395455,-0.0018750112861835033,-0.000996836073873908,-0.006671563656073909,-0.0025535163228418423,0.0017859654705656425,0.007309626026801741,-0.010099056920037652,0.0,0.008338955206607324
2025-07-07,-0.008517927687502369,-0.005948650941992151,-0.011404175433201713,0.013880601569787876,0.004580010142637869,-0.009562389231544621,0.008869112379692234,-0.0220718438376587,-0.01773260250626385,-0.007862297279128794
2025-07-08,0.008247415177819795,0.0072440992651132685,-0.0036048575797156257,0.005888436980449052,0.011763443485383052,-0.003600052007565635,0.012267785773537598,0.13251079520310127,0.03134067619651981,-0.0007158868810946961
2025-07-09,-0.0030674393360706764,-0.004377762452430378,0.0021707163363910986,0.0007316759991737865,0.002433713118160652,-0.010018083761422325,-0.015277076446036486,-0.03569529488851686,0.027289207217636946,0.0060621034026635545
2025-07-10,-0.002051297183182088,-0.01520095737939886,0.007075826632841675,-0.02646969335032079,0.0060536900765373325,0.00016590675699945656,-0.01924235059825996,0.019197173893448216,0.04050277135079283,0.0027462050044453346
2025-07-11,-0.013874648710581305,-0.021239947655986136,-0.010610809553394884,0.028240908247505025,0.0006533554445933287,-0.002653806041825635,-0.011240641096326276,0.0025234209302467114,-0.03060403405276879,-0.0032975229626984737
2025-07-14,-0.004689908101510709,0.009742480612682458,-0.006521704205798562,-0.021475436915214363,-0.012379294455034828,-0.008647950490386691,0.002459735972915711,-0.008450185732452153,0.018554408281146406,0.001407413809457303
2025-07-15,-0.0017452368430117549,-0.003517275073653736,-0.005835177826796434,-0.006867821600662349,0.03217605155717873,-0.0038584135619729176,-0.002041281842162901,0.005621058581975369,-0.040239268726458,-0.003956298214731202
2025-07-17,-0.005244724346875396,-0.012305693318419575,0.005722679429745581,0.015333799217310373,-0.0005681809583524267,0.0069046769110689965,-0.007644577525284801,-0.010818597680899988,0.06232288473132486,0.008584586798381588
2025-07-18,0.003514870855953811,-0.01049186613996822,0.0029909708944626523,-0.0029612759094698182,-0.0030803060596744647,-0.0055193298944413716,0.01353318848412366,0.016769961102048425,-0.005359872862269799,-9.048620868445933e-05
2025-07-21,0.0035026997673917037,-0.010934337109494874,-0.014473826070212414,-0.002078993128332929,-0.0010990694646455523,-0.003699952527283501,-0.005546385996029746,0.005826423411900539,-0.018740570881573104,0.001399134882868358
2025-07-22,-0.01919718686816496,-0.024455633977887414,-0.0036900503416140706,-0.014732111737029263,-0.010141292085963038,-0.003544940247268702,-0.01879784421384667,0.015417551024466958,0.06587435357865434,0.0006375316336257875
2025-07-23,0.012099638511034794,-0.0006868173221111773,-0.00029626141824645735,-0.01449930671722044,-0.003554890486562101,0.02439440054711617,0.02736848749109133,0.017202044783521275,-0.032580578264333804,0.007811886951519131
2025-07-24,-0.004043606972445435,-0.0068728936435196175,-0.004519880098174722,0.011954004280411823,-0.002283639702765239,0.0062840605988010445,-0.02643452098399446,-0.0031061476528092546,0.038685839902802055,0.0006982236416543941
2025-07-25,0.003353905363582488,0.013391029159742551,-0.006326751406386388,-0.013175755463746608,0.0017825901796915122,0.0032867939748248975,-0.0008417974078445134,-0.0023368074955467666,0.024234732264166503,0.00397432777929585
2025-07-28,-0.01829701571565434,-0.016628499593455137,-0.003745331972055621,0.023787528165297056,-0.013527151470781762,-0.016216188271998888,-0.02780703440403809,-0.0292357798535543,-0.05354918629474903,0.00017685810881817865
2025-07-29,0.012724013618263585,0.003472157318034075,0.02624063036694957,0.03747564134777348,0.023115967388593672,0.01448551100762474,0.011050829201967094,0.0015192313674488034,-0.01315803946784766,-0.002959442388724254
2025-07-30,-0.0019464783505901417,0.01003462023019086,-0.01751043854021561,0.011414548850999573,0.001752621307023139,-0.012473365798979397,0.011358823488466285,-0.005978356094184956,-0.027999926664130426,-0.0012494327466496813
2025-07-31,-0.0039007615762480796,0.0037683943352599947,-0.0008949302311016538,-0.010571398053850434,0.0220674025836336,-0.0004985646269315414,0.02776004493770512,-0.22253141967258838,-0.018655693494224246,-0.0036948193411530106
2025-08-01,-0.006585903987638031,0.005802125130942359,0.0015674703432255743,-0.02786601567495739,-0.009404624412980622,-0.008979033309761464,0.014020606703483818,0.018935406157227774,-0.02963381109828278,-0.015992133140148468
2025-08-04,0.018813756150087846,0.017984372964029438,0.012742996736346601,-0.01544632240077648,-0.02600969016277399,-0.006208057534032196,-0.007726637029721761,0.0005665852180154474,0.00864300334490542,0.01473710033091602
2025-08-05,-0.010728066654968393,0.0066666244115389794,0.005150925069562051,-0.017046269992633034,0.020452385999974565,0.016207996595067886,0.00952859171387277,-0.011551555763595012,-0.0046271862534519315,-0.004857865996303334
2025-08-06,0.006933313519062789,0.003311278314516386,-0.008052678978235916,-0.012431018147092243,7.238718274393818e-05,0.009470038842870121,-0.004140796409051406,0.006186973276029795,0.011535874665668189,0.007281907295092482
2025-08-07,0.009886984824478695,-0.004950484155916035,0.01476008193768874,-0.007303767166286335,0.008278574224777291,0.014647819212059376,0.010782461504303509,-0.0028466886475828623,0.0609929043432238,-0.0007974800154801898
2025-08-08,0.015734242896702444,0.0,0.021745529277499287,0.0,-0.004638947615691835,-0.00016228392353123677,0.01835054847604911,0.017585963551933093,0.09224593093637301,0.007799715348974834
2025-08-11,-0.0013768548769513833,-0.0033167695524568552,-0.010605712253160426,0.0012523170792080318,-0.00211375989281104,-0.0016222706066671977,0.014653466208630173,-0.007182148792667209,0.10156667548671305,-0.0025041278217863283
2025-08-12,-0.006377112421072084,0.0006655614243589181,0.0014387376922033734,-0.012351484159403792,0.0009402685703199243,0.012837192008487763,0.005074153199366993,0.019215561653475266,-0.026200532564956358,0.01134543584661274
2025-08-13,0.013009497588920116,0.02095111734447208,0.017385133771503636,-0.008231702677522601,-0.012738881194570006,-0.0054547993208305945,0.02427176365003514,-0.005877836194779329,0.008671871078961946,0.0032300788824048965
2025-08-14,-0.011130128257978766,0.008794801112300688,0.0005648254628758398,0.0209097769622979,-0.0039002254028026595,-0.016131682601974062,0.027488243959195247,-0.0039044900039204578,-0.011086001444124971,0.00030309080129242716
2025-08-18,0.010562802636141067,0.023571220229983814,-0.004234199325081733,-0.008442791170371278,0.0115260865035689,0.003279184368947252,0.011808128694995368,-0.0016799578328341447,0.0180736652470459,-0.0029976063534671304
2025-08-19,-0.02844416692256424,-0.006309186109538789,-0.011481271940694815,-0.016871644997116464,9.3427623235387e-05,0.0009805721760178798,-0.008023370533607244,-0.010769544814671184,-0.023595529585948682,-0.005858103118756786
2025-08-20,0.00740739174694327,-0.015873033294219296,-0.006667606436144724,0.013793113574950722,-0.0006745160917055459,-0.0013061702648557993,-0.012867670359406058,0.0038557946639010687,-0.031921682422868414,-0.0024316693228262354
2025-08-21,0.00840335370251366,0.005806486766027907,0.0018765039421066998,0.004904309093197945,0.0028348163795841597,0.006212213634313235,-0.002793234749891127,0.0012426207943443401,0.04024905093976394,-0.004004181529308926
2025-08-22,0.005381938145657239,-0.005772966114682365,0.003890305735828603,0.002204020602007528,0.004825137507160404,0.020308707115892943,0.021437864391208095,0.0036105767787457665,0.013575303747856537,0.015186444876893468
2025-08-25,-0.010533549854117585,0.004838699141760605,-0.0032293195458606982,0.017907684685488423,-0.011242411329898228,-0.017356671812902125,0.016673412949519628,0.0042719675302591575,0.011273994099288975,-0.004266385548063467
2025-08-26,0.0034904039518628416,-0.0048153988753552035,-0.007919337261429016,-0.023919799054944124,0.0027200947332370884,-0.0043753601249343355,0.0034165704565674027,-0.0035821772536120955,-0.02314382707597562,0.004133995191134998
2025-08-27,0.0,-0.011290271444155175,-0.002177134858114549,0.014229273136425302,0.004074275711455133,0.00813801420741278,0.00358421045420676,-0.008088928174427745,0.03688489619485913,0.0023909843081744153
2025-08-28,0.010260852730120229,0.0015986602257251903,0.0044363859678153705,0.007014761302237105,0.002194498363413677,0.009364005085207738,-0.0010713515491946879,0.01109973581418977,-0.022981439685232807,0.0031567194195349924
2025-08-29,0.00017210208666562643,-0.0019544728566217584,0.003113372162508954,-0.009133070461711856,-0.00036148154984683156,-0.009277133955670758,-0.01626749434496444,0.012322130179588164,-0.006511404066498638,-0.00639818429357164
2025-09-02,0.013080946618676093,-0.007800478238904729,0.001154998915436467,0.024683551772073153,-0.0008885798444486781,0.01566038913559109,0.017644988582804055,0.011286958046876627,-0.038893224887113886,-0.006922279936861564
2025-09-03,0.015970103567495286,-0.013157892599155563,0.02739724429131707,-0.024698813960013055,0.0063911563408523,-0.0017485544465916103,0.038374344414563666,-0.002407299808743324,0.0014157187830736717,0.0051000736279842585
2025-09-04,0.025083597067347307,0.003999941720850053,0.016842053861366724,-0.007659866642432012,-0.005374397748710069,0.0042993556149248935,0.00859840610049023,-0.015465591728420436,0.012111265695378348,0.008346486409699372
2025-09-05,0.010929890706959489,-0.007304079193114377,0.01435482577627889,-0.025362328638335097,0.003956997237460902,0.012050137891273405,-0.006820083036802704,-0.0012254545199552602,0.028076514356104587,-0.003165152978388819
2025-09-08,-0.007584349410477587,-0.039130464227912776,-0.006803671549411638,0.00630352992373262,-0.005176249112178177,0.0050133764825459615,-0.033476429824745746,0.0017846953412186117,-0.014945637029979864,0.0021059789159529885
2025-09-09,0.011382154811495182,-0.011486191978214433,0.0001370166573899656,0.005942864705379636,0.003444627632898989,0.0017146938165799597,0.0035523789516620496,0.002338259500294093,-0.07471270561053833,0.0026881536531127015
2025-09-10,-0.0032155005964100702,-0.0024648469967986086,-0.00958896533011333,0.016605414068235458,-0.0034740785880192915,0.00031120094402736775,0.016106171132987734,0.010886528327740175,-0.0037266427295042925,0.002983469943562689
2025-09-11,0.019354853678213546,0.016943185261298677,0.02489613089326026,-0.02041776777833515,-0.00546201739483354,0.02224643080280697,0.031179272526868917,0.008901029779579739,0.00997511408883911,0.008485890387959882
2025-09-12,-0.023734163609988812,-0.010760174889913765,-0.02975709176199781,0.0051306669922135395,-0.009413440596507727,0.00623953308508729,-0.028716232327143043,-0.000435650821192457,-0.019753187875006906,-0.00048276131466740146
2025-09-15,0.017828181869461,-0.010526292987482422,-0.0020167757023544786,0.00973042947382785,-0.013175105342585258,0.009830560656993725,0.0008695171581474259,0.014601702501418012,0.04206556645680748,0.004706619226962694
2025-09-16,-0.014331189319847781,0.006985844677723341,-0.007038246189759345,0.019273260990682273,0.011999623836650652,0.0004494012906550715,0.001911432144115377,-0.004833001495090139,-0.007976786425006543,-0.0012879303382402618
2025-09-17,0.0,-0.0003873280590394046,7.007272344861093e-05,-0.00728446397647331,-0.004006011680794064,-0.00404208607596368,-0.007804372386219005,-0.01338221437499898,0.005116849824450709,-0.0009701681605103207
2025-09-22,0.012924080676546046,0.004015975165208907,0.005263148929308237,-0.022014107649143688,0.008107586720230486,0.005561464296760743,0.04701979073667695,0.00043750929733343824,0.016727282713843827,0.014150749727187328
2025-09-23,0.007814943583842604,0.004175459589524477,0.022687608286439565,0.012292472306296265,0.0008900827107090059,0.007922304521157608,0.0,0.0025147347167067124,-0.010133501684803203,-0.005502159197012135
2025-09-24,0.00015827514366328899,0.009818629319692018,-0.0034129266821121274,0.024917174265249642,-0.008056112063203447,-0.014237039987512357,-0.009182046056461668,0.036645267153111005,0.01223658719245857,-0.002846617843333288
2025-09-25,-0.0031645593629431312,-0.0034601431566513297,-0.005616469983441674,-0.00015378530796217316,0.004134610426351326,-0.004362830215465907,-0.014153236404990888,-0.011046869505147883,0.013254638593645618,-0.0050090613431266195
2025-09-26,0.0044444351421284445,-0.012152807848066716,-0.008127860141684096,0.011388085957840577,0.007478907830958947,0.01450594771277669,-0.008716471831953565,0.003297887083738793,-0.001761451083402532,0.005901836747171263
2025-09-29,0.003950682579773046,-0.015782034480717355,0.013888940396003857,-0.03454048106512475,0.00039619747153984974,0.004766099629768261,-0.008620729759686752,0.02661440047243846,-0.001176280941362906,0.00263554421636214
2025-09-30,0.0023611068219697717,-0.02324918111812424,-6.849894319871375e-05,-0.017021305249305896,0.005659130827731174,0.011117660956604825,-0.008695606079355267,-0.00743653195089633,-0.022847773369874536,0.0040908483833717035
2025-10-01,0.005025142024499996,0.005484448479844639,0.006849809326005207,-0.009459678734839105,-0.0038137010243853853,-0.02096467802769597,0.00526312975066956,0.005307034018189327,0.004893409880964761,0.003399920834961989
2025-10-02,-0.010937539411378538,0.0,-0.019661212429873398,-0.021042396612934056,-0.0017789380139440203,0.0017969816049530074,-0.005410067224707049,0.013973633339134484,0.019477949279219198,0.0006183547238911569
2025-10-03,0.008214869027826532,-0.0036363855145150614,0.023594699699380994,0.006613781893294535,0.0020009201548449873,-0.0013453481759192476,-0.005088698668270553,0.032666462224428816,-0.02400000220595855,6.551280273581206e-05
2025-10-06,-0.00031336284349392507,0.0,-0.0033897881110892536,0.013304821688282953,-0.014700251207346748,-0.020505786932743186,-0.012716094065696404,-0.014037188206906581,0.005303849983514741,0.0036465919796933033
2025-10-07,-0.011285224835511198,-0.001824783474259073,-0.01530620557491591,0.0006484181620654006,0.014877372205869932,-0.0061124519709433445,0.018256941627772694,0.012231776707494424,0.0012230637447034898,-0.0038114057910215715
2025-10-08,0.009828776809346795,0.012797016356011826,0.01685673441520663,0.013283649779766593,-0.002413079830973275,0.010608918088217179,0.012543577036890463,-0.000396167808522252,0.00953256620952625,0.0058276636405680815
2025-10-09,0.0015698284812151186,-0.018086667551629243,0.006929854776603905,-0.01662671348061584,-0.00900836690306217,-0.0047163681924239365,-0.023683108753672077,0.005846216331171883,-0.016631400240097793,-0.002755570407195318
2025-10-10,-0.0010972076912887374,-0.01650791961771425,-0.01491133364866526,-0.0424320739209092,-1.0467169690109301e-05,-0.015744446947075996,-0.011627880168190607,-0.044724704166958285,-0.05544299221079252,-0.02711167321141361
2025-10-13,0.0010984128783471103,-0.0019066043582245396,0.008013711315969951,0.010016980259816455,-0.0036087711176556736,0.016772823414961335,0.013031671415123958,0.05197490844106545,0.05619416937885191,0.015598671787557583
2025-10-14,0.008620649161906524,0.04835393972489421,0.026024327007015513,-0.013279557795226826,0.010052435721771058,-0.009622771474121605,0.03591207340713165,-0.023527082255880516,0.03748485508351962,-0.0015643266604626893
2025-10-15,0.013209008143045375,-0.027867087353440567,0.02569539356453454,-0.007325388408636391,0.004495309024978411,0.015885343986840272,0.0025008500171370684,-0.0017066757965109591,0.013962730539305968,0.004026001159503689
2025-10-16,0.004601261302062509,0.0014333006946511961,0.020080087558217663,-0.013900830048527935,-0.0018004688689251536,0.017914114427173278,0.006262368269007279,-0.002815755957587207,-0.017218841600091905,-0.006294387099829435
2025-10-17,0.008244274995432344,0.008477385663183234,-0.002468514406035016,0.0013923047742669947,-0.004326908452737865,-0.013721163615584064,-0.004941053474432966,-0.005344942333289748,-0.022222258773192283,0.0052707155502571545
2025-10-20,0.006208323975186003,-0.004730696797139555,0.0020304230773693366,-0.00034759223923253035,0.005947887247967909,-0.002873136877133309,-0.006872888526102017,0.013484778969078404,0.0023445786758102827,0.010672270853256949
2025-10-21,0.00827692155234705,-0.0076782459299581385,-0.005509174391367,0.005215563885136554,-0.01051375252632103,-0.013193809344949847,0.006747389265135073,-0.013605505131580542,-0.0333666868117698,3.2696450934288634e-05
2025-10-22,-0.007462662533810449,-0.008843089214220945,-0.004648182268096601,0.011760641798077565,0.000420834694860428,0.006762044566003711,-0.01529466944391722,0.00628806052911135,-0.011061819933421702,-0.005337539220865439
2025-10-23,0.007067701520374614,0.013011185348802412,0.011834663784055177,0.05623933188935637,-0.0012619088192092898,0.00778489596130405,0.005235543214534122,0.0243902063933088,0.041196501536434615,0.0058273934429324825
2025-10-24,0.0016425187355666448,-0.00954125128083183,0.007713258712150672,-0.004693330817777452,-0.002958670764510396,-0.009845391870307751,0.017187540070439544,0.002262959284184962,0.031149628527193052,0.00790242258787388
2025-10-27,-0.012373297599370559,0.07410150569077278,0.005709241787552166,-0.0030894085643736746,-0.016881898513438687,0.01468556908586871,-0.007168513667308418,0.009227433016246955,-0.025487839299076498,0.012290050865671143
2025-10-28,0.003773572615368259,0.020317255607810614,0.012476652336199878,-0.018920238483593477,0.009609678203560401,0.011608610134531183,0.005673040649746941,0.0,-0.000548879448808659,0.0022879438603986557
2025-10-29,0.007218098603524403,-0.002670742380390334,0.002711058766660779,0.005486251171838097,0.002340622528706149,0.0049180439674822995,0.008547054172664659,0.018091612471139884,0.04710858317115019,-4.3578255173426506e-05
2025-10-30,0.017766429326760314,-0.00915255568140938,0.0028265351640861525,0.001488097772306407,-0.0016876826892215924,-0.01038109210628857,0.00254238633804027,-0.02971241712750594,0.035662962601054504,-0.00990481243951924
2025-11-03,-0.003960598695751494,0.026342830895009994,0.03339455683627035,0.007924707687877675,-0.01246129289580411,-0.007492815970485123,0.015553608364400118,-0.0061047926171561295,0.007287692303590498,0.004343139124166395
2025-11-04,-0.012960350337568816,-0.010966687292107813,-0.016839594507147004,-0.008026173135020742,0.01048675139131161,-0.008757457172633765,-0.0278008990748575,-0.02397460168932819,-0.06010922849456213,-0.011736830084583816
2025-11-05,0.011936804388690714,-0.01523378847075274,0.0192389542611493,-0.01585209506935903,0.008374783018345155,0.023305367005101107,0.017979463318630318,0.007511104662075274,0.03976735754256078,0.0036535556982648654
2025-11-06,0.01710414683119499,-0.01091753138606455,0.0059170855390102695,-0.0028523183439195243,-0.003138274593254775,-0.0031257880094659463,-0.0067282956704695085,-0.003526077843692854,-0.009125528106792569,-0.011178189042419073
2025-11-07,0.014786771542908417,0.012802803114145833,0.01170592105119117,0.005384480787161472,-0.001505143982403312,0.01269210255429054,0.020829814674845792,-0.0015164685027621028,0.03153359692159019,0.0012618418007710464
2025-11-10,-0.0014285440290215945,-0.009224475367244023,-0.011454088192574319,0.006359850512388965,-0.012743453817509298,0.001327214434247992,-0.006303931896714521,0.03017409576933061,0.06545004761277906,0.01540101862170995
2025-11-11,0.006866889492160189,0.015448318168747033,0.0058227654366673764,0.015133873794235697,0.008004699597671472,0.02105717141245811,0.0016694579235201346,-0.007568278545645679,-0.010022616756296676,0.002075350517340535
2025-11-12,0.010514467313847087,0.019118489586827492,0.0233319555271414,-0.04177587154019646,-0.0019307876278801261,-0.017017577198230827,0.04166663912832558,0.008121202115103587,0.024791547906418465,0.0006295171887717999
2025-11-13,-0.043588360900494894,-0.03701986080338804,-0.028571441781713336,0.0034193356557179477,-0.006530343532888061,-0.011443718832978456,-0.0270400167884306,-0.00039293743216228805,-0.000951507592290346,-0.01655685496159698
2025-11-14,-0.011761138393135084,-0.014532874692471554,-0.023529403925384496,0.023854175475168438,-0.00015063112735125284,-0.0023744446660244334,-0.013336600437700685,-0.007469308324166035,0.025329284097000526,-0.0005017255648851471
2025-11-17,0.03391836865226128,0.0010534205342520586,0.03680722391218816,-0.0029955118109286083,-0.011967915858724809,-0.020083388462385443,0.04585078122895858,-0.009802948543042644,0.11262848512636259,-0.00916226617680782
2025-11-18,-0.014100747616740184,-0.0038582752529112696,-0.0006390861998187836,0.01385414510380012,0.005567864408573264,0.012145039493343779,-0.050996048855852405,-0.007499980926513716,-0.006909566697915981,-0.008256436690967983
2025-11-19,0.006567474590836175,-0.026408478718902173,-0.002325589928628191,-0.021402749684458433,0.009237932077046151,0.0014999356189855373,-0.026196496573494987,0.009168725594225657,0.03924166527277695,0.0037538357962292324
2025-11-20,-0.006379555389321112,0.005424942840811742,-0.009324043616441124,-0.005047093606858621,5.364072503399875e-05,-0.011232609777166447,0.0034488889496735453,-0.009684517179039731,-0.023303106989049582,-0.015567283563270418
2025-11-21,0.007150050540364328,0.0038488863732419887,0.005882374779285993,-0.018261718422446616,-0.0019314209661375203,0.00030308406561219137,0.018817655871939287,0.009880081628140136,-0.011453727269485792,0.009823035415319481
2025-11-24,-0.011445889013757427,-0.014584097101895899,0.00877191488218032,0.013434356886799836,0.009052284781114084,0.00772253844647075,-0.006494013591199832,-0.009284257776344229,-0.024955393401510095,0.015467217001293498
2025-11-25,0.00014652514048152376,0.030909052377421142,-0.00573914701098488,-0.015125754373562672,0.002205490595336812,0.018031562793141775,0.025127282541616225,0.007557417460658522,0.062138940607026516,0.009061696817220577
2025-11-26,0.011430214304075426,0.0014109432858810944,0.00810450915282579,0.012079391781252946,-0.006038434031433559,0.001918809304058966,-0.012918155461179026,0.021002104874421335,-0.0016179838256751289,0.006906711511012631
2025-11-28,0.00912785739080424,0.027826737288979553,0.01272416502843976,-0.001705068818697919,-0.00864209902022961,0.007955084771670062,0.0067114451197807234,0.015868416293379983,0.03439363012430596,0.005354773163420257
2025-12-01,0.0050250864210223956,0.005825900847722165,0.003712108714527762,0.013151160850507493,0.0007444355663854818,0.0005846746735191921,0.007466580570797188,0.0064602674334068855,-0.008333360461005523,-0.005323329342915684
2025-12-02,0.0,-0.0034071755225885125,0.006998617274029062,-0.011463255372118786,0.001865067278038035,0.0036519085503827764,-0.0032423884643789647,-0.011113257188007375,-0.002520964156193961,0.002457235261999813
2025-12-03,0.009857216379268285,-0.008547017927656553,-0.006158860301785585,0.005286517334884833,-0.006284263313273142,-0.004075103536935409,0.015733875960969312,0.028482914011963567,-0.022577982233485838,0.0029797912994984355
2025-12-04,0.004243800031880296,0.006482831876311934,0.003468093858515875,0.012213696296650589,-0.005425258967814095,0.005699109787220991,-0.0032679103306204604,-0.003108514678328511,-0.038217522139828874,0.0010803218396737702
2025-12-05,-0.01014223672258563,-0.0003084704148444972,-0.009688470783947412,0.0068711861017412,-0.0013283594339005278,-0.002034123330335258,0.009836036266640757,0.0171028775137243,0.026652098737512286,0.001936641757662061
2025-12-09,-0.010388427047075988,-0.0027073542201042633,-0.00881057758148518,-0.030459417031987845,0.005952729510505073,0.008590440537091126,0.00030843836841332184,-0.026291340949024633,0.019378478356732343,-0.0043505672367853965
2025-12-10,-0.0035950413413090576,-0.0058419171664838565,0.008658087507276369,0.0036051344973846433,0.003240514394285743,-0.0033203412878003435,-0.006799882004200675,0.00667872294446159,-0.004795306504361552,0.00674955693920154
2025-12-11,0.024534437469904802,0.01659178773301173,0.015278965299046599,-0.014710924115973634,-0.0025386479177805787,0.029258401191853523,0.021241862622223717,0.028717700732813434,0.026501435534199036,0.002079350841514227
2025-12-12,-0.0069022820623632075,0.003060159999892509,-0.01177994986878883,-0.0027777752022684066,-0.01037550703705925,-0.005206815261821429,0.022400039718660558,-0.02644183711376369,-0.0035205269880109746,-0.010663649289958
2025-12-15,-0.00695036803567517,-0.00677970187895427,-0.0019963121435107034,-0.010793853529036723,-0.004377564979480164,-0.0029708049434836736,-0.02284821223419098,0.010409733380034814,-0.007402415136846696,-0.0015965630269072495
2025-12-16,-0.018711674649450005,-0.009214946561569515,-0.01703047920117995,-0.027279113787143094,0.004484767342504803,-0.012624135579315743,-0.025464453483759364,-0.009646875222742879,-0.0037288097662796504,-0.0023839179519623555
2025-12-17,-0.008005726917956868,-0.013089900428968959,-0.010581443583745576,0.012122275436876606,-0.0004267912425108822,-0.012155822928531568,-0.02054234448322534,0.014469441341139921,0.04389239937022005,-0.011592143912241393
2025-12-18,0.009977984876240908,-0.0069808446106569555,0.004818454971618147,0.003754074085186909,0.004357133974987271,0.019273479287569284,0.0,0.0005592957017088729,-0.0024608443152134285,0.007934262269941872
2025-12-19,0.013511533445785373,0.010193339709071214,0.00614039719857451,0.009082783751985346,-0.007390255704058157,0.0014545325969796963,0.02919465319986303,0.013602898643957362,0.019457956471018445,0.008818059450332205
2025-12-22,0.013474717206097164,0.006576192713078299,0.002615457734261417,0.023826305643429135,-0.0005490643854400012,0.0159767324946396,-0.0006521388132818551,-0.0003676542135855332,0.022275658171051926,0.006436496360377575
2025-12-23,-0.00777936942832036,-0.0061875956488276485,-0.005797029118734143,0.006378258184584151,-0.0008680412351775857,0.015582720686499352,0.009298516746241159,0.007080428901760083,0.010346438573157313,0.004550388765703239
2025-12-24,0.003848923871142995,6.957422805675684e-05,0.008746340279552234,-0.0005139190381160397,-0.0022323289340946406,-0.0012669568265880615,-0.0053660644275443925,0.004108845660450777,-0.010861143570033205,0.0032214822012188726
2025-12-26,0.01533655234149034,0.008973334483089124,0.010115620453905905,-0.027592062343726576,-0.003824484978034115,0.002818861471955536,0.0075076059578189636,0.04874058965293271,0.022619591594979616,-0.00030436354912266594
2025-12-29,-0.005454585894862474,0.0,-0.004291837942140275,0.023616498289537935,0.0017149403883318648,-0.008995022809899833,0.01580643907880308,-0.047862658990854956,-0.00908088263492346,-0.00349205148036813
2025-12-30,-0.00014059078472916653,-0.0020682647389080877,0.0,-0.002238310330867188,0.009774657993481872,-0.014466079730272474,-0.0022229711531635,0.04316546575148905,-0.012383844764376928,-0.0013756671519022934
2026-01-02,-0.0023909413983320693,0.012089754770697958,-0.0048850984408811415,-0.010871459185866628,-0.015980295708572623,0.002446495990520603,-0.03707823937543675,-0.015277188293358335,-0.026410711527147246,-0.005476900201791368
2026-01-05,0.02495413852879591,0.027303835671463883,0.024949519919362784,0.017445917748152073,0.007136168695947909,0.013206953541001099,0.024624027921829494,0.05044328524915209,0.028093016925906822,0.006354126864826393
2026-01-06,0.0027510886405222035,0.029900265175214047,0.017016940071137077,-0.020404640482441505,-0.002803322113533069,-0.007650955917033242,0.010483846337977276,0.014515987143868259,0.04137177364621514,0.006196712678341321
2026-01-07,0.0,0.011258088861209714,-0.008255375363377726,-0.01995447870356648,-0.011167463517525067,-0.0017133578132421112,-0.014525185015456965,-0.03352465526985782,0.013503467238223044,-0.003439923431013958
2026-01-08,-0.014814923626034315,-0.0066668762029132855,0.013407870926867016,0.03161272709422214,0.001578225704584213,0.008009282028990095,0.004211278982600319,-0.010759166781860618,-0.0062315526209115735,7.65482590914246e-05
2026-01-09,0.01921473540306895,0.004816945064605838,-0.008765187466568736,0.023545717622442286,0.0018438640755760183,0.00822914541909836,0.018548325071031657,0.018968103315796014,-0.011346712477942722,0.006475487031883276
2026-01-12,0.0027322971121737094,0.022690974191150737,0.014960241440304278,0.006427623054476861,-0.0020747419065729744,0.014072708704451653,0.005526533238753295,0.02211594353492563,0.03896108799253217,0.001577633215136931
2026-01-13,-0.005722113000953044,0.0,-0.0005479915577378813,0.02773111808199835,-0.012250899157011719,-0.0012489158604579442,0.007889872305081314,-0.002506322972117614,0.05014537656641482,-0.0019391230550597216
2026-01-14,-0.0024663379311122835,-0.004687489630216035,-0.0077302076784659945,0.01422729207155582,0.0021274965984712235,0.01959146116882482,0.015625006050905332,0.006532669296965388,0.011764679166593295,-0.005333360445499591
2026-01-15,-0.010989128000667425,-0.026687642177834925,-0.023150441389112264,-0.045630470979792226,-0.004754063571264178,-0.001771573566037743,-0.02769230299938308,-0.010151418219607966,-0.02558142343533787,0.0025799262171273263
2026-01-16,0.03472222145143378,-0.0003225427681833315,-0.009615374054169235,0.004223686531514614,0.0013275045663483365,0.010238869253767824,0.0219936626953936,-0.026815757111271044,-0.030857753952040823,-0.0006423023039563436
2026-01-20,-0.02281867560631612,-0.025492128062664765,0.007881137846438957,0.015141344997853023,0.005416333196025969,0.008243201325708105,-0.009134543695291542,-0.002677735011488269,0.020541228283919244,-0.02062675805627745
2026-01-21,0.014697726803693634,-0.0017549488871749785,0.020228982679538765,0.004640350987550779,-0.0030204248240688347,0.010052338484656698,-0.012187472190038906,-0.0075350681407182485,0.013484762438023212,0.011587741323274559
2026-01-22,0.05536747807737119,9.952527671708289e-05,0.03793396978595198,-0.020785192077436232,-0.011598342699633335,0.005175082270617581,0.02799747685714249,0.0022689609668471444,0.018207253948375524,0.005487502192628835
2026-01-23,0.0029502870330677666,0.01160865248077081,0.00032100218492780996,0.028807261908526005,-0.0035454631125940717,0.004356489111485562,-0.004292955853220537,0.02934261238680569,0.012379639557287936,0.0003268698377891788
2026-01-26,0.0014068739873240865,-0.022950876215427574,0.01792014570744338,-0.007204824445844471,-0.0013888344019009624,0.008149305086696312,0.00987465996993575,0.012349929595729003,-0.0013586363744927388,0.005006083031276365
2026-01-27,0.011494133213470592,0.02013426711902455,0.029954348725865998,0.02902850553401648,-0.006264023848917555,0.015123906540012833,0.016067339222501476,-0.02598603052044579,-0.010884409709688181,0.004081896177137168
2026-01-28,0.0031565555917236754,-0.0032894934578112656,0.0015816819498184476,0.013143127149321199,-0.00559806001125418,0.011173911478526977,0.0018072534249464756,0.010980549362894498,-0.009766176812108451,-8.172305219089626e-05
2026-01-29,-0.0040276534286805,-0.011551184030593187,0.003565942316085202,0.034962808360734954,0.0031288193560992106,-0.0035565646588450184,0.007215823573657687,0.04802715248787215,-0.031073747379374184,-0.001292631274007694
2026-01-30,-0.02830778913617793,-0.023372263882319055,0.010101556075990947,-0.0032100136097579224,-0.0038031970775820323,-0.042447330017853724,0.012537335826679596,-0.04509757653524116,-0.0294324331468504,-0.004301899620894223
2026-02-02,0.011835141778806069,0.03418807171062599,-0.030353330228937492,-0.04707866489688739,0.007879812541163433,0.004126724651529745,-0.0006044146380866922,-0.016194674415304422,-0.02968979381097092,0.00539126612916796
2026-02-03,0.02210789146551395,0.024132172115088224,0.027468316030938134,0.017219177749178805,-0.0009469672273215712,0.04414689768848179,0.002964680384424323,0.04498839324983006,0.019942126752640066,-0.008403983020698336
2026-02-04,-0.02540246855217443,0.007101398733786235,-0.0012610590610550032,0.03053314876016011,-0.005860534972508047,-0.019553114359631696,-0.0001470304478407014,-0.03901027404155932,-0.05338803671395376,-0.005072391906223106
2026-02-05,0.00645169539649415,0.022435874097026076,-0.030303060023137873,-0.028400345278711825,-0.0021277569664666096,-0.005050430112658155,-0.018988089292757526,-0.004634470692767567,-0.02440752887705433,-0.012251015567674717
2026-02-06,0.007692261981359749,-0.028213181675215138,-0.018229107843200087,0.004108047365652956,0.009321727543581293,0.03956784513039824,-0.010494965548275337,0.011122664986156217,-0.0019879473118201707,0.0196957966973359
2026-02-09,0.012722605175362833,-0.00645157230239457,0.02705575870844834,0.01274589115681124,-0.006718933257046089,0.010016187032926505,0.007591084261320713,0.01389955687934874,-0.016226186215228422,0.004691086716887227
2026-02-10,-0.01947223940391174,-0.025974021808980452,-0.003099268280797096,-0.006215064047320307,-0.009321376811337156,-0.0023552249680333093,-0.02406020317034474,-0.008242264390114884,-0.017053443782105937,-0.003303712975458173
2026-02-11,0.009865372594412447,0.02816660955364836,0.018134740006427785,0.010475268582484487,0.0032732006562010696,0.0027335356350426387,0.006147932887980989,0.00898914079377544,0.07160798094654575,-4.895607156218951e-05
2026-02-12,-0.02879974076684666,-0.009563906702052205,-0.04020350379195747,-0.02769607267367502,-0.0011927107536888748,-0.009665380577777771,-0.006110366763199981,-0.02992099123137404,-0.04203780323090189,-0.01566101212770199
2026-02-13,0.0032658286151436844,-0.0016366306506073736,-0.005832513549493101,0.0007956594038691644,0.002891763248138668,0.013888891579658447,-0.01402153968545905,0.003725543401023046,0.004241390611765983,0.0004990891480125548
2026-02-17,-0.005989696955381318,-0.012131179741461828,-0.013333339087146068,-0.008904397583535784,0.0066658363436107315,-0.0033320792017531575,-0.022972322068615214,-0.02753562737075732,0.02095519104988597,0.0010313220779065713
2026-02-18,0.007335693805889942,-0.0341851985112781,-0.00805403553331241,0.04588481511846543,0.003942809339952946,-0.007553205746011593,0.0315098617125984,0.028492819550103743,0.005886987077231787,0.005566070147410729
2026-02-19,0.0,-0.0068728936435196175,-0.0017983310168934175,0.01902128880703846,-0.0047705308730512375,-0.0026200929038618925,-0.03783532586843974,-0.01096054683802683,-0.008241038655971256,-0.0028221256867719813
2026-02-20,0.010013008847221672,-0.0017300715783256093,0.03177206617285511,-0.0006021513675084078,0.0039810032252807215,0.016137123373344497,-0.019983863108029354,0.01762649769932323,-0.00014354791378901055,0.006939724763506794
2026-02-23,0.00025753588268129235,0.03896013408501786,-0.021164013462552145,-0.0012050283444823284,0.0015953444448144616,-0.020805192396564642,0.027462588068352334,-0.009946851177818905,0.00953901917026112,-0.010385652247284827
2026-02-24,-0.015317330994059852,-0.002468796491781333,-0.008108094159630208,-0.010254868499654402,0.0,0.01043509355844452,0.0003201200065245935,0.02598304200809154,0.03179116272412186,0.0076516140863223114
2026-02-25,0.008496725403230432,-0.0016722095895483902,0.013569483447053887,-0.0031997423931283686,-0.006625174408799395,0.0009952332450287038,0.014399997208273119,0.009539078065965212,0.04594177763720908,0.008136355657339944
2026-02-26,-0.0019442788533001742,-0.028475758592319322,-0.005860590731397108,-0.0032100136097579224,-0.004798577808338145,0.002610419081627402,0.021293410417061454,-0.005435202138450612,-0.01032212176070324,-0.005365580569328343
2026-02-27,-0.0259740461921113,-0.059517286146635096,-0.026500778541435843,0.027756442018180172,0.01008715785525216,0.003471368742228753,0.0007722048511642488,0.009668721254565193,-0.013240503979432883,-0.00433935281103115
2026-03-02,-0.042666594210079345,-0.010046141355469884,-0.016722198452781778,0.06281717285497268,0.009235168108236103,-0.01828521604692368,-0.06172841489386682,-0.018319616141515782,-0.005997090885579093,0.0003983547353176853
2026-03-03,-0.031337056112260786,-0.02222217344285282,-0.02192216791043511,0.046749881296137996,0.010868628385878099,-0.05147234409713464,-0.03618423922202085,-0.02052757954391571,-0.04147814775373437,-0.009444031095625416
2026-03-04,0.03450745889989837,-0.007575802928474817,0.01386397474576051,0.0013412836211137424,0.01956603185680339,0.03370043849242421,0.029863471196383662,0.014116229997471974,0.01652244084454635,0.007756049264286302
2026-03-05,-0.013620486587326619,-0.00011451864561484726,-0.01999880135723242,0.0850522121973023,-0.006156078465363812,-0.03414202991437065,-0.0008285048374760962,-0.0174210480237319,-0.007739902977735635,-0.005646704863891072
2026-03-06,0.0033817355875085386,-0.0010305973250848144,0.015697684975802817,0.12208368261757263,0.012623245114723902,-0.02033224044660309,0.01459375971291732,0.000695321931401871,0.013993754903548927,-0.013276795812569242
2026-03-09,0.027805064013640246,-0.006495979515126149,0.02398396301734418,0.04257420299476822,0.005763723913547292,0.0023060128031544558,-0.013403078885544706,0.00755600952315949,0.030662929666563254,0.008304161513105202
2026-03-10,0.008334497104911298,0.014538444055009148,0.014478129067643009,-0.11944708342091537,0.004314453570223975,0.011774269795994607,0.010636150461831084,0.01784327055792545,0.022525827973983947,-0.0021351198877325173
2026-03-11,-0.01287265132263149,-0.029532264833701194,-0.019175595199614093,0.045536287486201754,-0.028563001107989372,-0.0009363316241811637,-0.012327491261106549,-0.009908505251952748,0.007299285891073648,-0.0008376012017449197
2026-03-12,-0.02525741846989038,0.015274083632155655,-0.025842790607183752,0.09719201555224743,0.009283327118945417,-0.033739426208667656,-0.01908707445718838,-0.0035924913993112817,0.011608925120536462,-0.015227676506708532
2026-03-13,-0.00042236630468983627,0.002308594151960497,0.00772789117677819,0.031129171869220817,0.020915568170180476,-0.008868000345838123,0.015228422989923995,-0.01888576391612118,-0.012249370165429263,-0.006059115470564369
2026-03-16,0.014229276869732521,0.02456809649248215,0.014650372443315796,-0.0527808644797384,0.0011029919757132856,0.02278775342514372,0.03333334434866986,0.01329953876674872,0.0053230409574085424,0.010130883162251969
2026-03-17,0.00013887220670927292,-0.03334579318193387,-0.009588257403515432,0.02898394742751509,-0.007952393764401822,0.0030070383978602067,0.01290321394289995,-0.011052608218068527,0.017140031441801762,0.0024942548757938
2026-03-18,-0.002916577363110795,0.0,0.00797260164647784,0.0011433386487715858,-0.0027600116698479615,-0.013627781126263727,-0.012738841939963885,-0.030123134983010336,-0.01645402451259126,-0.013607567880073446
2026-03-19,0.006407476309258087,-0.029147232864969452,-0.01056495096078458,-0.0018687739383937974,0.009063779186130105,-0.002763062940783323,-0.02903233130905214,-0.021786066842027774,-0.032881351692629845,-0.002748797741878972
2026-03-20,0.008996643665792892,-0.05780909575518478,0.03734924740709289,0.02267526855643509,-0.00288485202577915,-0.032003392690399646,-0.0041527638061857886,-0.01665744091076682,-0.04542200372254113,-0.015138182356779217
2026-03-23,0.00617277522093751,-0.02499999476810244,-0.04436664312971028,-0.10364119683721551,0.01650428795906622,0.017604065422238246,-0.04220187628020555,0.018156226752237048,0.06851624447375082,0.011453200463990454
2026-03-24,0.0006817046254590231,-0.000434542629662249,-0.004215042481793163,0.04788382335436259,-0.018187693751501532,0.019128016038208795,-0.02473003575927135,-0.003125236139374765,-0.007061418648167006,-0.0037425745042546366
2026-03-25,0.01907352854235378,-0.013043449318290712,0.03061165364897178,-0.02198157891540986,0.007335170125077672,0.037262035349055145,0.0033928220525467623,0.019640326291151533,0.0670377205951036,0.005419124381509377
2026-03-26,0.00160428995852957,0.030836971337998786,0.0,0.046058499514673557,-0.0007303380579647412,-0.024880249315445524,0.00017802149137557954,-0.014921321003698695,-0.010487028668023646,-0.017406172392416708
2026-03-27,-0.01561666659555494,0.02568381492465055,-0.014880952380952328,0.05461468934564939,0.012381476350466603,-0.016100426810989,-0.02998554913294793,0.0037639188039926275,0.05912700505220636,-0.01672184352107431
2026-03-30,0.011525364590077691,-0.0004583735589142046,-0.004410850317456583,0.03251704018081458,-0.005732519557537841,0.009013979446310438,3.728031890126715e-05,0.0016462089832387505,-0.00592505193511339,-0.003945748828622642
2026-03-31,0.02815012988387533,0.05410588415978612,0.02033131491085638,-0.014580093701841212,0.008128143139987332,0.03394725090501205,0.055826560236839295,0.020361626484978634,-0.007284709550185231,0.02913114047102594
2026-04-01,0.0070404697814205885,-0.0034799714149390537,0.014156584296552754,-0.012428433033849329,-0.004418294039049586,0.015153517153404739,0.03880070546737224,0.00653243427093253,-0.009926543287798961,0.007168516684867399
2026-04-02,-0.018384255227528512,-0.007936458161639237,-0.02052785923753664,0.11406310283321663,-0.014739030563118871,-0.003404528890141867,-0.006791171477079749,-0.010846349486870133,0.010026067480652046,0.0011208758485563575
2026-04-06,0.004879979940003443,0.007999949425550268,0.009880202972960328,0.007799916975443688,0.007572905089685555,0.0011824579990917794,-0.013658102964743568,0.0036850090820204073,-0.021721167205881575,0.0044267825126402816
2026-04-07,-0.014306305603262848,-0.023809472479190408,-0.021642419380843325,0.0048037831913605444,-0.0036982112012793333,-0.0034120230124615736,-0.01908114171207731,-0.006984872386811114,-0.022639791699254452,0.0007592481161695641
2026-04-08,0.03195730668892516,0.032520320306453465,0.030303030303030276,-0.1641433712886997,0.0005350080081283348,0.04174352858733332,0.02473498233215543,0.03877719496245979,0.04223988870984985,0.025081414644149813
2026-04-09,0.00245169993362393,0.014566968329135177,0.009411800608915444,0.03664864898063014,-0.02098295729530475,0.004044925347866046,0.034482758620689724,-0.0019966805609978877,-0.015316748296157368,0.006170023529293189
2026-04-10,0.01068339296553611,0.019402330449171723,0.00815847230005251,-0.013282957139829188,-0.0062525611868560205,0.0010072061928658727,0.005299967447916609,0.021311750120080353,0.002787292546525988,-0.0011385210916523558
2026-04-13,0.0007642440060431355,-0.02360102094647365,-0.005491311839550206,0.025991530953323627,0.0031627905830533543,-0.00264118294149851,-0.026824465321571234,0.017971168186445396,0.05898307505110867,0.010173274948748201
2026-04-14,0.016161754842541454,0.009707511525329338,0.020633554134200427,-0.07872429256771629,0.0005031217362851947,-0.006935674460270103,0.011073253833049357,0.01581326430790786,0.011523685146384466,0.011782866364792755
2026-04-15,-0.008766369136679941,-0.019267075372606635,0.013610474411029028,0.00010957642817954749,-0.009677205061998206,0.008634883134746918,-0.005897219882055604,0.0002471179845415783,-0.01987341137466081,0.007975783355387733
2026-04-16,0.00644350949038941,-0.026377965923068847,0.014101884540547172,0.03724396419959519,-0.0014442845423054962,-0.005287588849348324,-0.010338983050847461,-0.0009057707112199997,0.09145037009502266,0.0026099558353673835
2026-04-17,-0.002134118936826912,0.01900522180514308,0.013850415512465464,-0.11447886458755663,0.0013220892638199366,0.005695381641815267,0.013872238396985814,0.006099019420354956,-0.07526831520837274,0.012040463669150903
2026-04-20,-0.014970379846734216,-0.011904736239595204,-0.0005464814399760431,0.06869412332795921,0.00473977816793969,0.005285690026022083,-0.014358108108108114,-0.011059247262121819,-0.0070377907107520565,-0.002374372617670484
2026-04-21,-0.029118885863741006,-0.028112421520403164,-0.037124076067360234,0.02812182374625838,-0.010221085167391841,-0.023535230158077125,-0.018851756640959727,-0.00571564720337292,-0.0006443521477113023,-0.006348217959672997
2026-04-22,-0.01670611449172754,-0.016942199739972463,-0.025608963098094795,0.009009029152271086,0.012164989553888228,0.00423072151339654,0.0,0.019745022627418285,0.000490023379877913,0.010460084168953943
2026-04-23,0.00267553393879405,-0.0037830732152603908,-0.00641029175052632,0.03108863401582318,-0.0024777697677051957,-0.009191858134472763,0.013100436681222627,-0.007271221396587535,-0.010169147453695349,-0.004132868267081369
2026-04-24,0.013609174773446142,0.0042194347822508416,0.016422305288902095,-0.0151277722621318,0.005327448033028759,0.011081027350397843,0.02756894867995685,-0.008558973858681207,0.03259157845649385,0.007973689797975636
2026-04-27,-0.010135584694332955,-0.010378146273114286,-0.014483610625646404,0.020868656661653384,0.0018335044240203047,-0.01758641918062842,-0.01659422204471206,-0.0009130638024508198,0.023933862085917523,0.0012323767534654362
2026-04-28,-0.012765945689231062,-0.03281965415250798,-0.01487202638317009,0.03694093034276702,-0.0028679596994005685,-0.010507136965854813,-0.029687766592731646,-0.017198386043330016,-0.023374421895922537,-0.004894172187521972
2026-04-29,-0.003232782515934063,-0.03204557760925686,-0.007429420505200568,0.06954865332750537,-0.0027083096108344584,-0.011536382942554102,-0.030209214821083186,-0.006086778312693886,0.04291201101838804,-0.0003991720531409948
2026-04-30,0.01844878257603466,0.03174599797023081,0.010059836381923759,-0.01693485783221116,0.014981120005260307,0.01379310344827589,-0.01182190908825309,0.008080315324946907,0.0006045792152278295,0.010238239941821936
2026-05-04,-0.026129219362863387,-0.03296706875192201,-0.01298308796364811,0.012848562653870355,-0.005771303495092361,-0.010334881767919524,-0.011009174311926606,-0.022105980315138996,-0.012965958682152778,-0.0011457559212064705
2026-05-05,-0.021549909273683165,-0.028545447973845284,-0.003844070926375953,-0.03899644425186555,0.013867078902557672,0.025247758907828377,-0.01671615911989799,0.02553921683180005,0.02397087844440171,0.008120017337603702
2026-05-06,0.027567086594966428,0.001778026536133126,0.011033985558755122,-0.07030404857746886,-0.007568073093303984,0.025270713800469746,0.078322252364178,0.03255932141649609,0.0017217237787876538,0.014588330317794274
2026-05-07,-0.01774308096731847,0.02802434207346849,-0.029102992826694485,-0.002839758805860182,-0.009615185491708367,0.00025156524890901366,0.028871391076115582,-0.0014666055075955864,-0.021292836933146653,-0.003803095327784889
2026-05-08,-0.024566430971285858,0.024816176470588314,-0.010442241501074867,0.006433927075829571,-0.0063049864357994645,0.004148906691500143,-0.022108843537414935,0.019828643675917634,0.0006955270370414546,0.008425703533400997
2026-05-11,-0.011111111111111072,-0.05156950672645744,-0.013035419143102023,0.02777197208898463,0.0019203589440595081,0.004382130291075814,-0.022608695652173938,0.026324173110276128,0.017804922774941723,0.0018799566475542484
2026-05-12,0.022621754849894593,-0.02832146682919623,-0.00150946851046585,0.04190884697808839,0.005649059683829227,-0.0028671766657563102,-0.015124555160142328,0.011148406210697237,0.01538605167361995,-0.0016026088601545085
2026-05-13,-0.011280460714375495,0.013624640489255269,-0.0183925313049792,-0.01135255097518939,0.017543135221562478,0.003500445201502167,-0.028003613369466995,0.02320737357142799,-0.040824482712937704,0.005849246488426552
2026-05-14,0.023855395781777755,0.020114204973103567,0.04908886893635933,0.001484869638324282,-0.028851237974862443,-0.01582156764559961,0.011431226765799218,-0.010247884899679871,-0.038615764498776906,0.007655604577358366
2026-05-15,-0.0015919046712100648,-0.030588235294117694,0.001284429922457253,0.0420085013039424,0.008662101822738855,-0.02265829037933287,0.01078750258430583,-0.04811571819334659,-0.02057566339622585,-0.012363320128051747
2026-05-18,0.002609078283075439,0.022330097087378542,0.00794137492970659,0.030734258674256942,0.0038353938528459253,0.008936757568003495,0.027235336781953112,0.003279165935056172,-0.025982462037037468,-0.0007356678561787344
2026-05-19,-0.013300537708534454,-0.01638176638176636,0.009090909090909038,-0.008190750865521235,0.003085582069793036,-0.004878144281805441,-0.036283185840708,-0.017059929354809378,-0.018900799081246644,-0.006678320788135905
2026-05-20,0.02710620474902692,0.05237750422399223,0.03243239577468082,-0.08824343326587436,0.005030571123681327,0.011996887753914942,0.02846648301193766,0.02035688612417008,-0.003962376636068243,0.010792026370445518
2026-05-22,0.0014265117874148192,-0.029357798165137616,-0.016870238507574964,-0.016893991716058543,-0.007392022612336735,-0.008795303802959564,0.02124999999999999,0.008186923496461995,-0.01303151485988363,0.005448696662220032
2026-05-26,0.02549858964875873,0.002835538752362865,0.02360949995955064,-0.02805382119336841,-0.0018144631588087323,0.014146063622440863,0.025371585531779983,0.0029959087642548177,0.008950639336034794,0.006108260424063872
2026-05-27,-0.0025003515837909163,0.004194110435320475,0.0008670668346231203,-0.05549045817809506,-0.0032117460630994854,0.008876410858870587,-0.005644531489065074,-0.008803683722559241,0.03919056616200822,0.00016487914469087706
2026-05-28,-0.005709456157275361,0.023041954059993763,-0.003696427122008572,0.002480843707104441,0.0002237698479654604,-0.009426813025306569,0.00754587549305441,0.014433002789251637,-0.0009411784200049622,0.005753716619668614
2026-05-29,-0.019607864089071114,-0.03715596330275228,-0.028057949784873193,-0.01732284464673539,-0.003422769362855349,-0.004821719654011014,-0.029787234042553234,-0.005706688185472042,0.01103920309256079,0.002172260678511728
2026-06-01,-0.010714285714285676,0.02239161505478804,-0.006382007043105986,0.054945089494299326,-0.0015376445472189415,-0.007140041850209999,-0.009649122807017574,0.025866850898241367,-0.02296587051922272,0.0026252961308912415
2026-06-02,-0.003465673123025703,0.006523765144454741,0.0012606201961924413,0.017361093864397548,0.002630425943894066,0.015538708431168669,-0.01417183348095663,0.019236622028355965,-0.03384822807669452,0.0012920889411551784
2026-06-03,-0.013186547369075097,0.0036573621961806246,-0.016846507836824287,0.024104036426452202,-0.0023992809410721128,-0.01264540710563189,-0.020664869721473522,-0.02534024352219988,-0.012929194583417236,-0.007372041104846239
2026-06-04,0.00014687425043447,-0.0036440346416406477,0.009207844723798653,-0.031035157589273332,0.005799094459965515,-0.009093285095983616,0.022752293577981586,0.0046289477018301994,-0.01894374667755161,0.004054961568363158
2026-06-05,0.008662403943672237,-0.02314814814814814,-0.0017522252938538818,-0.02687016310618695,0.0007486176965529889,-0.02933958590238195,-0.011302475780408994,-0.038012584370184954,-0.004522275676328014,-0.026445361894386843
2026-06-08,-0.0029111638591899913,0.0,0.010834654157680479,0.00839410347410463,0.02080100575153243,-0.0026630922362418374,0.012520413718018597,0.010537236767017566,-0.03591000892925045,0.0029781310549599205
2026-06-09,0.05255472224994295,-0.0023696682464454666,0.05329337662565492,-0.033954063525695966,0.009472111928805926,-0.0018691629356276662,0.028673835125448077,-0.004265807156949242,0.03313390860775267,-0.0025763939780845124
2026-06-10,-0.0055478714888250735,-0.0071258907363420665,0.005116595716331274,0.020748320797886022,-0.007032018327212675,-0.00468155456730901,0.01986062717770043,-0.008488647454472531,-0.015420255322152632,-0.016199450298948426
2026-06-11,0.010320858084530204,0.04311009457236836,0.008201340063425766,-0.025769185008116646,-0.0013639885315738232,0.039376272027230375,0.019815510761872268,0.0016002163432060623,0.0677205807250596,0.017518885564244746
2026-06-12,0.016013197040587013,0.03114531411504773,0.02103786816269282,-0.03226544134756104,-0.0100089307216491,0.014610870606248438,-0.00335008375209378,0.02740057689755515,0.03987330139899603,0.0050255138730570525
2026-06-15,0.005298904860515208,0.011966148729426251,-0.008186843369033303,-0.04865689664300343,-0.007626800766789454,0.005534596282973814,0.003361344537815114,0.008086470030260084,-0.017880773046759724,0.016528391294663436
2026-06-16,0.00013518227489184298,-0.03951817934983837,-0.005041207861129493,-0.05820429657265869,-0.010165624670338436,0.002829233727613456,0.02077051926298168,0.0010026636678703849,-0.0033849991655244827,-0.005684179609759754
2026-06-17,-0.01743244480442352,-0.034324942791762014,-0.003340791108714103,0.009730412019390844,-0.005292269506328218,-0.008592020639869191,-0.006892024942566466,-0.0011557551248237985,0.002043268404824383,-0.012148282108228825
2026-06-18,0.013615704528057826,0.02398108893661144,0.019385481679905725,-0.00247431226905781,0.0012312380637198306,0.00025875401749653193,0.007766027759418481,-0.0165085780291776,-0.028359206059552333,0.010846212235623431
2026-06-22,0.016689327108078356,-0.0002777458248294229,-0.002575772551974942,-0.023237582438049742,0.016765438930480325,-0.017716315972358565,-0.03279226102639776,-0.002823695916345348,-0.011049365007354428,-0.003705051979052687
2026-06-23,-0.02575737751655216,-0.0004629629629629983,-0.021428537892771327,-0.02151831885750377,0.005259584468445766,-0.016192676966349406,-0.03609084630339887,-0.03390235974562783,-0.014124076050436751,-0.014362785193208105
2026-06-24,-0.01356161457218541,-0.0222325150532654,-0.01729366493825113,-0.03920233277520613,0.008300632920986484,-0.012578648456852193,-0.022176904291260513,-0.03224229944070056,-0.009265839425602107,-0.0009829319733113406
2026-06-25,0.020691540335614933,0.0056845097110374,0.014798287479519612,0.02246235304683375,0.005199951998798413,0.02358040171000164,0.059352517985611586,0.02145382141304597,-0.035251784408493636,-9.92061187945481e-05
2026-06-26,0.020408163265306145,0.0018841262364579503,0.013400173833870266,-0.03740259844963745,0.0017534430072194684,-0.0021183110724304344,-1.6994508701184685e-05,0.01169592296956945,-0.016405677230998283,-0.00047165741757115853
2026-06-30,0.006666666666666599,0.0014104372355430161,0.0028334601437371987,0.0038999946551261377,0.0020982057988141456,-0.001326868778974033,-0.022733816289554842,0.008304179481770424,0.037907507212949554,0.019763319023336612
2026-07-01,-0.0066225165562914245,-0.013615023474178423,-0.005484794975978202,-0.01323738372583183,-0.00020613005488767655,0.0,0.0033009034051425523,-0.011142550321430966,0.003812971613694982,-0.0021508346187620875
2026-07-02,-0.0017332967122395404,-0.013326987148976732,0.013258341906538629,0.001603975027917759,0.003787005009536104,0.0030557110029416634,0.003982683982683977,-0.0014697190682694261,-0.01791555592698657,1.3702513856905796e-06
2026-07-06,0.02764791797631827,0.010612638687891973,0.003353678665118931,-0.0020381334207676405,-0.004561834599120407,0.012317884836765325,-0.002932045532942351,0.010385138121736581,0.011558886039088057,0.00724150765029874
2026-07-07,0.02027550700666758,-0.006682577565632508,0.027397260273972712,0.027571105842568944,0.007319393203824021,-0.018186567893475614,0.03788271925272446,-0.0010520827665200239,-0.0047025965630653754,-0.0044551096782159405
2026-07-08,-0.0178344143424064,-0.0009610764055741905,-0.010933349609374976,0.04372507232977707,-0.0011751297304662955,-0.004397678931616356,-0.020000000000000018,-0.018958129967037496,0.02299125770569721,-0.002817238676629863
2026-07-09,0.005188087338460434,-0.010822510822510845,0.008358064584872427,-0.01958643740155175,0.008818209582695635,-0.00629100825140827,-0.004931972789115613,0.026509215766900462,-0.005769715217054827,0.008142795337428232
2026-07-10,0.019354838709677358,-0.005543410850504471,0.01005350204712574,-0.009295201885755944,-0.008238237854531816,0.008351330339741336,0.009229191591181074,0.002976645337507078,-0.019536879313787447,0.004208843399813977
2026-07-13,-0.010126620908326722,-0.0024937536779717773,-0.02054216848003465,0.09424443890779477,-9.712053738542004e-05,-0.009484358518352387,0.0,-8.024419325403098e-05,-0.007955778551421266,-0.007927023147980106
2026-07-14,0.005626629905081337,0.0,0.024324324324324298,0.015357012511074464,0.0039164121202925894,0.016048479939631655,-0.005080440304826461,0.015562349616128124,0.010251290884999431,0.0037589783811964317
2026-07-15,-0.006103709705804539,-0.01715686274509809,-0.003271742043205794,0.003277062619503779,-0.005857079212285066,0.0006636986220911467,-0.0037446808510638308,-0.00576618918668903,-0.027245858334745687,0.003819144358387927
2026-07-17,-0.014841397233348985,-0.004987531172069848,-0.002011885181008255,0.03630652569155535,-0.0009945223742461318,-0.0037140042653365235,-0.003075345976422339,-0.011678741086247668,-0.00908410774980295,-0.015148428822676974
2026-07-20,0.02467534449193387,0.0,0.007692291502610971,0.00897085116169083,0.01065864708849773,-0.00026633300889866707,0.0,0.012700964445349072,0.0,-0.0019322546744660052
2026-07-21,0.0013941775440331483,0.0,0.0003158597502377347,0.020185032289030014,-0.0002140850725458332,0.009988014869852124,0.0,0.03365619577954826,0.0,0.008856366018608064
2026-07-22,0.010631518987207267,0.0,0.018367483785378003,0.022612155059912098,0.0004176075746391561,0.011471555756752627,0.0,-0.009215165310745732,0.0,-0.0013636917526039793
2026-07-23,0.001878541374393583,0.0,-0.014366918756056224,0.06172982261108917,0.0018947510235085563,-0.022291736473489143,0.0,-0.022632209029555428,0.0,-0.012089697334330851
2026-07-24,-0.008500003814697288,0.0,0.01247905236776048,-0.031239882921610285,0.006357258148503853,0.00599995930989583,0.0,0.0023791187519677237,0.0,0.0004967638835191579
2026-07-27,0.018280344854020525,0.0,0.000828526143259456,-0.07501956255061493,0.004352923931854047,0.014446706578833846,0.0,0.003006337482545751,0.0,0.0001619264104413265
2026-07-28,-0.02042830215501834,0.0,-0.021525346794797562,-0.04055197251386189,-0.006289720048260894,0.003135587417021357,0.0,-0.002681842208654861,0.0,0.002104307328987254
2026-07-29,0.014155650635842232,0.0,0.01004756126472195,0.06560682321588307,-0.006020991954415189,-0.01575930064743536,0.0,-0.007671632526146999,0.0,-0.015161289750108109
2026-07-30,0.005732790337976246,0.0,0.03036650812438646,-0.010300766706282993,0.000567187074797415,0.020378469256932208,0.0,0.027257512513032545,0.0,0.016604359135647728
2026-07-31,0.003593567862379743,0.0,-0.015701200660438785,0.0129202282374683,-0.010546454348324907,-0.0038905855191698757,0.0,-0.0013189695433906135,0.0,0.00700361981598796
2026-08-03,-0.0067909055052503,0.0,-0.006349754497427695,-0.0511397416404199,-0.0022701211973935598,-0.003384904505921993,0.0,0.012119339688692499,0.0,0.01479091100582064
2026-08-04,-0.012928902088048755,0.0,-0.01797584960452636,-0.056883244997969706,0.0018527124057465816,0.006662240189476032,0.0,0.016042415522081743,0.0,0.01789619360979544
2026-08-05,0.010075508904147101,0.0,0.006348518257953684,-0.0072587494619298365,-0.011031029208702026,-0.0048013902012671306,0.0,0.012767218100344424,0.0,-0.0016764921193257454
2026-08-06,0.010723200038356362,0.0,0.007780442214496031,0.027519272284384,-0.0010279316961046003,-0.0007824382067809221,0.0,-0.002387031281456231,0.0,-0.0017595333873230423
2026-08-07,-0.011102811788685552,0.0,-0.015910292646385882,0.011515065068004704,0.002036064138492444,0.01161424274498124,0.0,-0.017421849011545087,0.0,0.006184231308959065
2026-08-10,0.020459073287488527,0.0,0.005883915432091769,0.05052439156847499,-0.003146239668170625,-0.007610892201236896,0.0,0.0036527156567838226,0.0,-0.0005839757139619595
2026-08-11,-0.019559976085859576,0.0,-0.015335099533929863,0.01302812286140309,0.0027287564212328252,-0.008969224472495263,0.0,0.0026537149949141803,0.0,-0.003212861472107087
2026-08-12,-0.03366579864067398,0.0,-0.020604795171281443,0.0008413425167281829,-0.0016065429335991865,0.0028856404363526433,0.0,-0.0022685823520202097,0.0,0.0026267182752088836
2026-08-13,0.016258092080393194,0.0,0.016393442622950838,-0.02425839707578037,0.0006239680707942341,-0.013209549415696742,0.0,-0.0006821149278000149,0.0,0.0065161301380911585
2026-08-14,-0.0031742000154796335,0.0,-0.0010215185021841267,0.014153864933894145,-9.848795285349876e-05,-0.005831608082284667,0.0,0.001061808002980058,0.0,-0.0016964335577297485
2026-08-17,0.012482431548512363,0.0,0.014477167411607983,0.025485417903318375,-0.000984709424576069,-0.0013331351989496198,0.0,0.0006818565254507192,0.0,-0.005227454770816764
2026-08-18,0.0027676591598375655,0.0,0.016445655721568198,0.005207129484097628,0.001850840528521358,-0.006007269465190812,0.0,-0.01839794269751771,0.0,-0.006881843725615733
2026-08-19,0.006774569335461722,0.0,0.005741079382493686,0.010477976972774083,0.008909175449907325,0.009132424302132236,0.0,0.0007713250107319602,0.0,0.002108778138942835
2026-08-20,-0.009345794392523366,0.0,-0.01920081477342206,0.023301875303891384,-0.0019286511497674796,0.004791064855946159,0.0,-0.0042389443975916485,0.0,-0.008668915122777232
2026-08-21,0.0,0.0,0.01592589686156587,-0.00876698458850178,0.0012050527802780486,0.024900625873085724,0.0,0.01849847670458571,0.0,0.004346193543703691
2026-08-24,0.035094351138708735,0.0,0.023384228017381714,-0.023546927174947108,-0.0012360963972535277,-0.002972289166486175,0.0,0.00296371732801326,0.0,-0.0028028689752760405
2026-08-25,-0.0010937412356762932,0.0,-0.012671783680224258,-0.031172820365681475,-0.009705473053766789,0.00907319422420727,0.0,0.016744940027195288,0.0,0.003190953749482306
2026-08-26,-0.014598503561962128,0.0,-0.015256901906534615,-0.001578402773853682,0.0006358511804462896,-0.003853505822007275,0.0,-0.0171398426007372,0.0,-0.00020574863596922732
2026-08-27,-0.0018518706898630333,0.0,0.010206736022474239,0.015809259020949096,0.0070663486243636164,-0.0050290054713234555,0.0,-0.001137337415667683,0.0,0.0072032567265023495
2026-08-28,0.01422389050813666,0.0,0.009326440682682957,-0.0015562942094785592,0.003753195445038271,-0.00881285993911518,0.0,-0.003795369025781259,0.0,-0.0024874522107780628
2026-08-31,-0.018170705655725983,0.0,-0.011806997000645358,0.028297368910949583,0.009580919526163356,0.003138047244185538,0.0,0.004800417628558318,0.0,-0.0033221508040809367
2026-09-01,0.018010146686975093,0.0,0.020571463448660676,0.052005585044038405,0.0027053059063573137,-0.013816443453180116,0.0,-0.013194868918418923,0.0,-0.007112792754561781
2026-09-02,0.023426039414256916,0.0,0.012419765342728928,0.008756383338931473,0.0017236976339769505,0.00740150054835631,0.0,-0.000845283943657793,0.0,0.004603291610071336
2026-09-03,-0.010014262820643993,0.0,-0.0019607813052594514,0.0031864730108812633,0.0020947810127984745,0.009839936866811394,0.0,0.011690542142803961,0.0,0.01057963924661287
2026-09-04,0.007827571275440093,0.0,-0.00030223948543650625,0.0019715257301113898,-0.005290060864603152,-0.004417356916888049,0.0,0.0030408971411448604,0.0,-0.0037572216084515997
2026-09-08,-0.013263240267303189,0.0,-0.007306611088637949,0.01694354356673511,0.0013402813308103223,0.0005220007433259788,0.0,0.021524892966431564,2.19638131853106e-05,-0.005840447432778451
2026-09-09,-0.008839953266495004,0.0,-0.002639615596248368,0.03246269280972003,-0.010129696028731483,-0.0022172710708915355,0.0,0.009571202459656147,0.0,-0.004842647983639425
2026-09-10,0.008552285775033308,0.0,-0.007278057343630184,0.06694430089409664,0.0019038864809335365,-0.016339869281045805,0.0,-0.04945986024364779,0.0,-0.005848292742657635
2026-09-11,0.0,0.0,0.006408613075839398,-0.023711945995085415,0.01525605420655185,0.0017275382514014836,0.0,0.0003865868590551269,0.0,0.008598836028398171
2026-09-14,0.011508139468469292,0.04310776942355887,0.01217523867800585,0.01339326633700777,-0.004774959800283085,-0.007428994149616508,0.09014567266495277,-0.021562738966760753,0.0,-0.004832192338804386
2026-09-15,-0.0035928509192552083,0.024507448342143245,0.0014595263101793154,0.043791325260226444,0.02043105560627878,-0.010558686430761854,0.031284389246973854,0.0060821973861791,0.0,-0.004494762464965607
2026-09-16,-0.012379793474483258,-0.01454033771106944,-0.004925096736261625,-0.03212700998821316,-0.00143462495384572,-0.01539915451095819,-0.010838429520769854,0.00989239586085744,0.0,-0.004471543537976519
2026-09-17,-0.004259443615922676,-0.005235602094240788,-0.0005050813308870028,-0.005076604915719485,0.0005243398467240645,0.01920704537799356,0.016967452004689187,0.024100164941247337,0.0,0.01138133856179846
2026-09-21,0.0,0.0,0.0,-0.060151159479269745,0.006121044058889025,-0.007941902813489388,0.0,0.015182555543039156,0.0,0.016620112910439522
2026-09-22,0.0,0.0,0.0,-0.012424331348639295,-0.012969843766859612,0.01031210539620786,0.0,0.010917513412448843,0.0,-7.734824557181774e-06
2026-09-23,0.0,0.0,0.0,-0.02568974278316838,-0.0007598876221804884,-0.013967243195201928,0.0,-0.012057112668659276,0.0,-0.007548366766584991
2026-09-24,0.0,0.0,0.0,0.026584167218837385,0.016984438436592253,-0.012394389204707812,0.0,0.006064714614244959,0.0,-0.000246547495496241
2026-09-25,0.0,0.0,0.0,-0.023253323475842747,-0.00030123599945153234,0.01144661670400704,0.0,-0.0034234188964490375,0.0,0.005098599586843999
2026-09-28,0.0,0.0,0.0,0.0020559983170915785,-0.0015479775057537504,-0.01322598363435501,0.0,-0.01934133586051212,0.0,-0.007712392038996874
2026-09-29,0.0,0.0,0.0,-0.03477323189808712,0.006451290032550183,-0.0044217173231948514,0.0,-0.0034267496495979932,0.0,-0.0016723862824035152
2026-09-30,0.0,0.0,0.0,0.01163572328804885,0.005944688550012955,-0.01332417311873757,0.0,0.0023687734073594147,0.0,-0.002515996302963508
2026-10-01,-0.02285508131944325,-0.09330143540669855,-0.02981300696537914,0.02786998809436425,0.01167521618865619,-0.020677924701553163,-0.034717396220071195,0.002668078009657515,-0.03657754010695191,0.002764136662132932
